ts_s,x_m,y_m,rssi_dbm,bssid,roam_event
0.0,0.5,0.5,-53.1,AP1,False
0.5,1.0,0.5,-52.5,AP1,False
1.0,1.5,0.5,-53.0,AP1,False
1.5,2.0,0.5,-49.5,AP1,False
2.0,2.5,0.5,-49.1,AP1,False
2.5,3.0,0.5,-49.6,AP1,False
3.0,3.5,0.5,-52.4,AP1,False
3.5,4.0,0.5,-48.8,AP1,False
4.0,4.5,0.5,-52.0,AP1,False
4.5,5.0,0.5,-50.7,AP1,False
5.0,5.5,0.5,-49.0,AP1,False
5.5,6.0,0.5,-48.8,AP1,False
6.0,6.5,0.5,-49.4,AP1,False
6.5,7.0,0.5,-51.2,AP1,False
7.0,7.5,0.5,-49.8,AP1,False
7.5,8.0,0.5,-52.1,AP1,False
8.0,8.5,0.5,-52.1,AP1,False
8.5,9.0,0.5,-51.2,AP1,False
9.0,9.5,0.5,-53.4,AP1,False
9.5,10.0,0.5,-54.0,AP1,False
10.0,10.5,0.5,-54.9,AP1,False
10.5,11.0,0.5,-53.6,AP1,False
11.0,11.5,0.5,-54.7,AP1,False
11.5,12.0,0.5,-58.3,AP1,False
12.0,12.5,0.5,-55.9,AP1,False
12.5,13.0,0.5,-55.4,AP1,False
13.0,13.5,0.5,-58.8,AP1,False
13.5,14.0,0.5,-56.1,AP1,False
14.0,14.5,0.5,-55.3,AP1,False
14.5,15.0,0.5,-57.7,AP1,False
15.0,15.5,0.5,-57.3,AP1,False
15.5,16.0,0.5,-59.3,AP1,False
16.0,16.5,0.5,-60.5,AP1,False
16.5,17.0,0.5,-57.4,AP1,False
17.0,17.5,0.5,-61.9,AP1,False
17.5,18.0,0.5,-57.9,AP1,False
18.0,18.5,0.5,-63.2,AP1,False
18.5,19.0,0.5,-60.1,AP1,False
19.0,19.5,0.5,-60.8,AP2,True
19.5,20.0,0.5,-59.6,AP1,True
20.0,20.5,0.5,-61.2,AP1,False
20.5,21.0,0.5,-59.5,AP1,False
21.0,21.5,0.5,-61.2,AP2,True
21.5,22.0,0.5,-59.8,AP2,False
22.0,22.5,0.5,-61.1,AP2,False
22.5,23.0,0.5,-63.1,AP2,False
23.0,23.5,0.5,-61.9,AP1,True
23.5,24.0,0.5,-60.1,AP2,True
24.0,24.5,0.5,-59.0,AP2,False
24.5,25.0,0.5,-62.1,AP2,False
25.0,25.5,0.5,-60.7,AP2,False
25.5,26.0,0.5,-59.8,AP2,False
26.0,26.5,0.5,-62.7,AP2,False
26.5,27.0,0.5,-61.9,AP2,False
27.0,27.5,0.5,-60.3,AP2,False
27.5,28.0,0.5,-62.9,AP2,False
28.0,28.5,0.5,-62.4,AP2,False
28.5,29.0,0.5,-62.8,AP2,False
29.0,29.5,0.5,-63.6,AP1,True
29.5,29.5,1.0,-63.8,AP1,False
30.0,29.0,1.0,-60.8,AP2,True
30.5,28.5,1.0,-60.3,AP2,False
31.0,28.0,1.0,-61.5,AP2,False
31.5,27.5,1.0,-60.6,AP2,False
32.0,27.0,1.0,-61.1,AP2,False
32.5,26.5,1.0,-61.6,AP2,False
33.0,26.0,1.0,-60.5,AP2,False
33.5,25.5,1.0,-60.9,AP2,False
34.0,25.0,1.0,-62.2,AP2,False
34.5,24.5,1.0,-59.9,AP2,False
35.0,24.0,1.0,-60.8,AP2,False
35.5,23.5,1.0,-60.3,AP1,True
36.0,23.0,1.0,-61.2,AP2,True
36.5,22.5,1.0,-61.2,AP2,False
37.0,22.0,1.0,-60.6,AP2,False
37.5,21.5,1.0,-61.6,AP1,True
38.0,21.0,1.0,-58.1,AP1,False
38.5,20.5,1.0,-62.2,AP2,True
39.0,20.0,1.0,-61.5,AP1,True
39.5,19.5,1.0,-63.1,AP2,True
40.0,19.0,1.0,-59.1,AP1,True
40.5,18.5,1.0,-60.4,AP1,False
41.0,18.0,1.0,-58.7,AP1,False
41.5,17.5,1.0,-62.1,AP1,False
42.0,17.0,1.0,-59.8,AP1,False
42.5,16.5,1.0,-57.2,AP1,False
43.0,16.0,1.0,-56.9,AP1,False
43.5,15.5,1.0,-57.1,AP1,False
44.0,15.0,1.0,-57.4,AP1,False
44.5,14.5,1.0,-57.5,AP1,False
45.0,14.0,1.0,-55.7,AP1,False
45.5,13.5,1.0,-56.5,AP1,False
46.0,13.0,1.0,-54.4,AP1,False
46.5,12.5,1.0,-51.3,AP1,False
47.0,12.0,1.0,-53.6,AP1,False
47.5,11.5,1.0,-54.2,AP1,False
48.0,11.0,1.0,-53.5,AP1,False
48.5,10.5,1.0,-55.6,AP1,False
49.0,10.0,1.0,-51.8,AP1,False
49.5,9.5,1.0,-53.7,AP1,False
50.0,9.0,1.0,-49.7,AP1,False
50.5,8.5,1.0,-48.8,AP1,False
51.0,8.0,1.0,-50.4,AP1,False
51.5,7.5,1.0,-48.7,AP1,False
52.0,7.0,1.0,-50.6,AP1,False
52.5,6.5,1.0,-47.4,AP1,False
53.0,6.0,1.0,-51.5,AP1,False
53.5,5.5,1.0,-48.5,AP1,False
54.0,5.0,1.0,-47.6,AP1,False
54.5,4.5,1.0,-46.1,AP1,False
55.0,4.0,1.0,-46.8,AP1,False
55.5,3.5,1.0,-46.7,AP1,False
56.0,3.0,1.0,-50.4,AP1,False
56.5,2.5,1.0,-49.6,AP1,False
57.0,2.0,1.0,-48.2,AP1,False
57.5,1.5,1.0,-54.4,AP1,False
58.0,1.0,1.0,-54.3,AP1,False
58.5,0.5,1.0,-51.7,AP1,False
59.0,0.5,1.5,-51.6,AP1,False
59.5,1.0,1.5,-50.8,AP1,False
60.0,1.5,1.5,-50.4,AP1,False
60.5,2.0,1.5,-47.4,AP1,False
61.0,2.5,1.5,-49.9,AP1,False
61.5,3.0,1.5,-51.1,AP1,False
62.0,3.5,1.5,-50.7,AP1,False
62.5,4.0,1.5,-49.2,AP1,False
63.0,4.5,1.5,-47.4,AP1,False
63.5,5.0,1.5,-47.9,AP1,False
64.0,5.5,1.5,-44.4,AP1,False
64.5,6.0,1.5,-46.5,AP1,False
65.0,6.5,1.5,-48.1,AP1,False
65.5,7.0,1.5,-49.2,AP1,False
66.0,7.5,1.5,-51.4,AP1,False
66.5,8.0,1.5,-48.1,AP1,False
67.0,8.5,1.5,-50.3,AP1,False
67.5,9.0,1.5,-50.7,AP1,False
68.0,9.5,1.5,-54.0,AP1,False
68.5,10.0,1.5,-50.9,AP1,False
69.0,10.5,1.5,-54.3,AP1,False
69.5,11.0,1.5,-55.8,AP1,False
70.0,11.5,1.5,-55.9,AP1,False
70.5,12.0,1.5,-58.2,AP1,False
71.0,12.5,1.5,-56.2,AP1,False
71.5,13.0,1.5,-54.6,AP1,False
72.0,13.5,1.5,-59.5,AP1,False
72.5,14.0,1.5,-56.2,AP1,False
73.0,14.5,1.5,-55.9,AP1,False
73.5,15.0,1.5,-56.6,AP1,False
74.0,15.5,1.5,-56.0,AP1,False
74.5,16.0,1.5,-57.7,AP1,False
75.0,16.5,1.5,-57.4,AP1,False
75.5,17.0,1.5,-59.6,AP1,False
76.0,17.5,1.5,-56.6,AP1,False
76.5,18.0,1.5,-58.0,AP2,True
77.0,18.5,1.5,-61.0,AP2,False
77.5,19.0,1.5,-57.7,AP1,True
78.0,19.5,1.5,-60.0,AP1,False
78.5,20.0,1.5,-62.0,AP2,True
79.0,20.5,1.5,-60.2,AP2,False
79.5,21.0,1.5,-61.8,AP1,True
80.0,21.5,1.5,-62.1,AP2,True
80.5,22.0,1.5,-60.9,AP1,True
81.0,22.5,1.5,-62.8,AP2,True
81.5,23.0,1.5,-58.8,AP1,True
82.0,23.5,1.5,-62.1,AP1,False
82.5,24.0,1.5,-60.3,AP2,True
83.0,24.5,1.5,-60.4,AP2,False
83.5,25.0,1.5,-60.2,AP2,False
84.0,25.5,1.5,-59.3,AP2,False
84.5,26.0,1.5,-62.4,AP2,False
85.0,26.5,1.5,-57.9,AP2,False
85.5,27.0,1.5,-62.4,AP2,False
86.0,27.5,1.5,-61.0,AP2,False
86.5,28.0,1.5,-63.1,AP2,False
87.0,28.5,1.5,-59.6,AP2,False
87.5,29.0,1.5,-64.0,AP2,False
88.0,29.5,1.5,-59.9,AP2,False
88.5,29.5,2.0,-59.9,AP2,False
89.0,29.0,2.0,-60.7,AP2,False
89.5,28.5,2.0,-62.4,AP2,False
90.0,28.0,2.0,-60.1,AP2,False
90.5,27.5,2.0,-61.1,AP2,False
91.0,27.0,2.0,-60.2,AP2,False
91.5,26.5,2.0,-60.4,AP2,False
92.0,26.0,2.0,-59.3,AP2,False
92.5,25.5,2.0,-62.2,AP2,False
93.0,25.0,2.0,-60.7,AP2,False
93.5,24.5,2.0,-60.5,AP2,False
94.0,24.0,2.0,-60.4,AP2,False
94.5,23.5,2.0,-63.1,AP2,False
95.0,23.0,2.0,-59.0,AP2,False
95.5,22.5,2.0,-61.3,AP2,False
96.0,22.0,2.0,-61.5,AP1,True
96.5,21.5,2.0,-61.0,AP2,True
97.0,21.0,2.0,-59.9,AP2,False
97.5,20.5,2.0,-63.0,AP1,True
98.0,20.0,2.0,-58.6,AP2,True
98.5,19.5,2.0,-61.3,AP1,True
99.0,19.0,2.0,-60.8,AP2,True
99.5,18.5,2.0,-59.4,AP1,True
100.0,18.0,2.0,-57.5,AP1,False
100.5,17.5,2.0,-59.4,AP1,False
101.0,17.0,2.0,-56.5,AP1,False
101.5,16.5,2.0,-57.1,AP1,False
102.0,16.0,2.0,-58.5,AP1,False
102.5,15.5,2.0,-58.3,AP1,False
103.0,15.0,2.0,-56.5,AP1,False
103.5,14.5,2.0,-57.3,AP1,False
104.0,14.0,2.0,-54.6,AP1,False
104.5,13.5,2.0,-55.9,AP1,False
105.0,13.0,2.0,-56.0,AP1,False
105.5,12.5,2.0,-53.5,AP1,False
106.0,12.0,2.0,-56.1,AP1,False
106.5,11.5,2.0,-53.3,AP1,False
107.0,11.0,2.0,-52.0,AP1,False
107.5,10.5,2.0,-51.3,AP1,False
108.0,10.0,2.0,-51.5,AP1,False
108.5,9.5,2.0,-51.5,AP1,False
109.0,9.0,2.0,-52.0,AP1,False
109.5,8.5,2.0,-49.6,AP1,False
110.0,8.0,2.0,-49.5,AP1,False
110.5,7.5,2.0,-49.0,AP1,False
111.0,7.0,2.0,-46.4,AP1,False
111.5,6.5,2.0,-46.9,AP1,False
112.0,6.0,2.0,-43.3,AP1,False
112.5,5.5,2.0,-44.0,AP1,False
113.0,5.0,2.0,-45.8,AP1,False
113.5,4.5,2.0,-44.5,AP1,False
114.0,4.0,2.0,-48.8,AP1,False
114.5,3.5,2.0,-45.6,AP1,False
115.0,3.0,2.0,-50.0,AP1,False
115.5,2.5,2.0,-49.0,AP1,False
116.0,2.0,2.0,-48.8,AP1,False
116.5,1.5,2.0,-48.6,AP1,False
117.0,1.0,2.0,-48.1,AP1,False
117.5,0.5,2.0,-53.1,AP1,False
118.0,0.5,2.5,-52.2,AP1,False
118.5,1.0,2.5,-49.9,AP1,False
119.0,1.5,2.5,-48.2,AP1,False
119.5,2.0,2.5,-49.9,AP1,False
120.0,2.5,2.5,-47.4,AP1,False
120.5,3.0,2.5,-46.2,AP1,False
121.0,3.5,2.5,-44.2,AP1,False
121.5,4.0,2.5,-44.6,AP1,False
122.0,4.5,2.5,-44.2,AP1,False
122.5,5.0,2.5,-45.2,AP1,False
123.0,5.5,2.5,-46.2,AP1,False
123.5,6.0,2.5,-44.2,AP1,False
124.0,6.5,2.5,-45.6,AP1,False
124.5,7.0,2.5,-45.4,AP1,False
125.0,7.5,2.5,-47.1,AP1,False
125.5,8.0,2.5,-48.2,AP1,False
126.0,8.5,2.5,-47.8,AP1,False
126.5,9.0,2.5,-50.9,AP1,False
127.0,9.5,2.5,-51.2,AP1,False
127.5,10.0,2.5,-53.1,AP1,False
128.0,10.5,2.5,-52.9,AP1,False
128.5,11.0,2.5,-52.1,AP1,False
129.0,11.5,2.5,-50.1,AP1,False
129.5,12.0,2.5,-52.5,AP1,False
130.0,12.5,2.5,-53.1,AP1,False
130.5,13.0,2.5,-56.4,AP1,False
131.0,13.5,2.5,-54.9,AP1,False
131.5,14.0,2.5,-55.9,AP1,False
132.0,14.5,2.5,-55.7,AP1,False
132.5,15.0,2.5,-56.5,AP1,False
133.0,15.5,2.5,-57.0,AP1,False
133.5,16.0,2.5,-56.4,AP1,False
134.0,16.5,2.5,-58.2,AP1,False
134.5,17.0,2.5,-59.3,AP1,False
135.0,17.5,2.5,-57.6,AP1,False
135.5,18.0,2.5,-60.9,AP1,False
136.0,18.5,2.5,-59.2,AP1,False
136.5,19.0,2.5,-58.3,AP2,True
137.0,19.5,2.5,-58.2,AP1,True
137.5,20.0,2.5,-60.6,AP1,False
138.0,20.5,2.5,-59.2,AP1,False
138.5,21.0,2.5,-60.6,AP1,False
139.0,21.5,2.5,-59.4,AP2,True
139.5,22.0,2.5,-60.2,AP1,True
140.0,22.5,2.5,-59.1,AP2,True
140.5,23.0,2.5,-59.9,AP2,False
141.0,23.5,2.5,-58.4,AP2,False
141.5,24.0,2.5,-56.2,AP2,False
142.0,24.5,2.5,-58.9,AP2,False
142.5,25.0,2.5,-60.4,AP2,False
143.0,25.5,2.5,-57.1,AP2,False
143.5,26.0,2.5,-62.1,AP1,True
144.0,26.5,2.5,-63.3,AP2,True
144.5,27.0,2.5,-61.3,AP2,False
145.0,27.5,2.5,-61.1,AP2,False
145.5,28.0,2.5,-62.6,AP2,False
146.0,28.5,2.5,-63.3,AP2,False
146.5,29.0,2.5,-60.3,AP2,False
147.0,29.5,2.5,-61.4,AP2,False
147.5,29.5,3.0,-60.3,AP2,False
148.0,29.0,3.0,-57.6,AP2,False
148.5,28.5,3.0,-60.5,AP2,False
149.0,28.0,3.0,-61.5,AP2,False
149.5,27.5,3.0,-60.8,AP2,False
150.0,27.0,3.0,-59.1,AP2,False
150.5,26.5,3.0,-56.2,AP2,False
151.0,26.0,3.0,-59.9,AP2,False
151.5,25.5,3.0,-59.7,AP1,True
152.0,25.0,3.0,-59.6,AP2,True
152.5,24.5,3.0,-59.2,AP2,False
153.0,24.0,3.0,-59.3,AP2,False
153.5,23.5,3.0,-58.6,AP2,False
154.0,23.0,3.0,-61.6,AP2,False
154.5,22.5,3.0,-62.0,AP2,False
155.0,22.0,3.0,-59.1,AP2,False
155.5,21.5,3.0,-59.2,AP2,False
156.0,21.0,3.0,-59.9,AP2,False
156.5,20.5,3.0,-60.5,AP1,True
157.0,20.0,3.0,-60.8,AP2,True
157.5,19.5,3.0,-60.0,AP1,True
158.0,19.0,3.0,-59.7,AP2,True
158.5,18.5,3.0,-60.1,AP2,False
159.0,18.0,3.0,-56.8,AP1,True
159.5,17.5,3.0,-59.0,AP1,False
160.0,17.0,3.0,-56.6,AP1,False
160.5,16.5,3.0,-57.1,AP1,False
161.0,16.0,3.0,-58.1,AP1,False
161.5,15.5,3.0,-59.8,AP2,True
162.0,15.0,3.0,-55.8,AP1,True
162.5,14.5,3.0,-55.6,AP1,False
163.0,14.0,3.0,-55.6,AP1,False
163.5,13.5,3.0,-58.0,AP1,False
164.0,13.0,3.0,-52.9,AP1,False
164.5,12.5,3.0,-56.1,AP1,False
165.0,12.0,3.0,-55.8,AP1,False
165.5,11.5,3.0,-50.8,AP1,False
166.0,11.0,3.0,-52.3,AP1,False
166.5,10.5,3.0,-52.7,AP1,False
167.0,10.0,3.0,-50.3,AP1,False
167.5,9.5,3.0,-51.8,AP1,False
168.0,9.0,3.0,-48.9,AP1,False
168.5,8.5,3.0,-50.3,AP1,False
169.0,8.0,3.0,-48.1,AP1,False
169.5,7.5,3.0,-46.3,AP1,False
170.0,7.0,3.0,-45.5,AP1,False
170.5,6.5,3.0,-41.7,AP1,False
171.0,6.0,3.0,-41.4,AP1,False
171.5,5.5,3.0,-41.8,AP1,False
172.0,5.0,3.0,-39.4,AP1,False
172.5,4.5,3.0,-42.0,AP1,False
173.0,4.0,3.0,-44.9,AP1,False
173.5,3.5,3.0,-44.8,AP1,False
174.0,3.0,3.0,-46.6,AP1,False
174.5,2.5,3.0,-46.1,AP1,False
175.0,2.0,3.0,-48.1,AP1,False
175.5,1.5,3.0,-48.7,AP1,False
176.0,1.0,3.0,-48.6,AP1,False
176.5,0.5,3.0,-51.2,AP1,False
177.0,0.5,3.5,-48.6,AP1,False
177.5,1.0,3.5,-48.4,AP1,False
178.0,1.5,3.5,-47.3,AP1,False
178.5,2.0,3.5,-47.6,AP1,False
179.0,2.5,3.5,-46.2,AP1,False
179.5,3.0,3.5,-43.5,AP1,False
180.0,3.5,3.5,-44.0,AP1,False
180.5,4.0,3.5,-39.7,AP1,False
181.0,4.5,3.5,-38.4,AP1,False
181.5,5.0,3.5,-38.6,AP1,False
182.0,5.5,3.5,-38.0,AP1,False
182.5,6.0,3.5,-38.1,AP1,False
183.0,6.5,3.5,-42.7,AP1,False
183.5,7.0,3.5,-42.5,AP1,False
184.0,7.5,3.5,-43.8,AP1,False
184.5,8.0,3.5,-46.6,AP1,False
185.0,8.5,3.5,-48.5,AP1,False
185.5,9.0,3.5,-49.8,AP1,False
186.0,9.5,3.5,-49.8,AP1,False
186.5,10.0,3.5,-51.0,AP1,False
187.0,10.5,3.5,-50.9,AP1,False
187.5,11.0,3.5,-51.4,AP1,False
188.0,11.5,3.5,-54.9,AP1,False
188.5,12.0,3.5,-53.1,AP1,False
189.0,12.5,3.5,-52.8,AP1,False
189.5,13.0,3.5,-57.4,AP1,False
190.0,13.5,3.5,-55.1,AP1,False
190.5,14.0,3.5,-55.8,AP1,False
191.0,14.5,3.5,-58.9,AP1,False
191.5,15.0,3.5,-57.1,AP1,False
192.0,15.5,3.5,-57.0,AP1,False
192.5,16.0,3.5,-57.0,AP1,False
193.0,16.5,3.5,-58.5,AP1,False
193.5,17.0,3.5,-59.5,AP1,False
194.0,17.5,3.5,-57.2,AP1,False
194.5,18.0,3.5,-58.2,AP2,True
195.0,18.5,3.5,-59.6,AP2,False
195.5,19.0,3.5,-57.8,AP1,True
196.0,19.5,3.5,-58.8,AP1,False
196.5,20.0,3.5,-60.5,AP2,True
197.0,20.5,3.5,-58.2,AP2,False
197.5,21.0,3.5,-57.9,AP1,True
198.0,21.5,3.5,-59.0,AP2,True
198.5,22.0,3.5,-58.9,AP2,False
199.0,22.5,3.5,-60.2,AP2,False
199.5,23.0,3.5,-61.9,AP1,True
200.0,23.5,3.5,-61.8,AP1,False
200.5,24.0,3.5,-60.5,AP2,True
201.0,24.5,3.5,-57.9,AP2,False
201.5,25.0,3.5,-60.2,AP2,False
202.0,25.5,3.5,-56.6,AP2,False
202.5,26.0,3.5,-58.8,AP2,False
203.0,26.5,3.5,-59.1,AP2,False
203.5,27.0,3.5,-55.1,AP2,False
204.0,27.5,3.5,-61.5,AP1,True
204.5,28.0,3.5,-59.0,AP2,True
205.0,28.5,3.5,-58.7,AP2,False
205.5,29.0,3.5,-61.9,AP2,False
206.0,29.5,3.5,-58.3,AP2,False
206.5,29.5,4.0,-61.6,AP2,False
207.0,29.0,4.0,-63.1,AP2,False
207.5,28.5,4.0,-60.3,AP2,False
208.0,28.0,4.0,-60.6,AP2,False
208.5,27.5,4.0,-60.0,AP2,False
209.0,27.0,4.0,-60.4,AP2,False
209.5,26.5,4.0,-57.7,AP2,False
210.0,26.0,4.0,-56.0,AP2,False
210.5,25.5,4.0,-59.8,AP2,False
211.0,25.0,4.0,-55.6,AP2,False
211.5,24.5,4.0,-59.1,AP2,False
212.0,24.0,4.0,-61.5,AP2,False
212.5,23.5,4.0,-59.1,AP2,False
213.0,23.0,4.0,-58.6,AP2,False
213.5,22.5,4.0,-60.6,AP1,True
214.0,22.0,4.0,-59.0,AP2,True
214.5,21.5,4.0,-58.7,AP2,False
215.0,21.0,4.0,-59.6,AP1,True
215.5,20.5,4.0,-59.9,AP1,False
216.0,20.0,4.0,-59.8,AP1,False
216.5,19.5,4.0,-57.0,AP2,True
217.0,19.0,4.0,-59.6,AP1,True
217.5,18.5,4.0,-61.6,AP1,False
218.0,18.0,4.0,-59.1,AP2,True
218.5,17.5,4.0,-58.5,AP1,True
219.0,17.0,4.0,-58.8,AP2,True
219.5,16.5,4.0,-59.0,AP1,True
220.0,16.0,4.0,-56.6,AP1,False
220.5,15.5,4.0,-57.9,AP1,False
221.0,15.0,4.0,-57.4,AP1,False
221.5,14.5,4.0,-56.0,AP1,False
222.0,14.0,4.0,-55.4,AP1,False
222.5,13.5,4.0,-57.0,AP1,False
223.0,13.0,4.0,-55.4,AP1,False
223.5,12.5,4.0,-53.1,AP1,False
224.0,12.0,4.0,-54.7,AP1,False
224.5,11.5,4.0,-54.3,AP1,False
225.0,11.0,4.0,-53.0,AP1,False
225.5,10.5,4.0,-52.4,AP1,False
226.0,10.0,4.0,-47.2,AP1,False
226.5,9.5,4.0,-50.3,AP1,False
227.0,9.0,4.0,-48.7,AP1,False
227.5,8.5,4.0,-44.1,AP1,False
228.0,8.0,4.0,-48.5,AP1,False
228.5,7.5,4.0,-47.0,AP1,False
229.0,7.0,4.0,-43.6,AP1,False
229.5,6.5,4.0,-38.7,AP1,False
230.0,6.0,4.0,-40.4,AP1,False
230.5,5.5,4.0,-34.3,AP1,False
231.0,5.0,4.0,-36.2,AP1,False
231.5,4.5,4.0,-35.3,AP1,False
232.0,4.0,4.0,-41.7,AP1,False
232.5,3.5,4.0,-39.3,AP1,False
233.0,3.0,4.0,-41.4,AP1,False
233.5,2.5,4.0,-44.2,AP1,False
234.0,2.0,4.0,-42.2,AP1,False
234.5,1.5,4.0,-47.8,AP1,False
235.0,1.0,4.0,-47.2,AP1,False
235.5,0.5,4.0,-47.9,AP1,False
236.0,0.5,4.5,-49.0,AP1,False
236.5,1.0,4.5,-48.1,AP1,False
237.0,1.5,4.5,-49.5,AP1,False
237.5,2.0,4.5,-45.2,AP1,False
238.0,2.5,4.5,-43.6,AP1,False
238.5,3.0,4.5,-43.4,AP1,False
239.0,3.5,4.5,-38.6,AP1,False
239.5,4.0,4.5,-36.6,AP1,False
240.0,4.5,4.5,-29.8,AP1,False
240.5,5.0,4.5,-28.4,AP1,False
241.0,5.5,4.5,-31.3,AP1,False
241.5,6.0,4.5,-37.6,AP1,False
242.0,6.5,4.5,-40.3,AP1,False
242.5,7.0,4.5,-43.7,AP1,False
243.0,7.5,4.5,-45.9,AP1,False
243.5,8.0,4.5,-47.1,AP1,False
244.0,8.5,4.5,-45.0,AP1,False
244.5,9.0,4.5,-49.4,AP1,False
245.0,9.5,4.5,-49.2,AP1,False
245.5,10.0,4.5,-51.3,AP1,False
246.0,10.5,4.5,-52.0,AP1,False
246.5,11.0,4.5,-51.1,AP1,False
247.0,11.5,4.5,-51.6,AP1,False
247.5,12.0,4.5,-54.0,AP1,False
248.0,12.5,4.5,-54.7,AP1,False
248.5,13.0,4.5,-55.2,AP1,False
249.0,13.5,4.5,-56.0,AP1,False
249.5,14.0,4.5,-57.5,AP1,False
250.0,14.5,4.5,-55.7,AP1,False
250.5,15.0,4.5,-53.9,AP1,False
251.0,15.5,4.5,-57.8,AP1,False
251.5,16.0,4.5,-56.5,AP1,False
252.0,16.5,4.5,-60.9,AP2,True
252.5,17.0,4.5,-58.0,AP1,True
253.0,17.5,4.5,-58.3,AP1,False
253.5,18.0,4.5,-58.2,AP1,False
254.0,18.5,4.5,-59.8,AP1,False
254.5,19.0,4.5,-59.3,AP1,False
255.0,19.5,4.5,-60.2,AP1,False
255.5,20.0,4.5,-59.6,AP2,True
256.0,20.5,4.5,-58.0,AP2,False
256.5,21.0,4.5,-59.3,AP2,False
257.0,21.5,4.5,-58.8,AP2,False
257.5,22.0,4.5,-55.3,AP2,False
258.0,22.5,4.5,-62.3,AP2,False
258.5,23.0,4.5,-55.9,AP2,False
259.0,23.5,4.5,-57.1,AP2,False
259.5,24.0,4.5,-59.8,AP2,False
260.0,24.5,4.5,-60.2,AP2,False
260.5,25.0,4.5,-60.3,AP2,False
261.0,25.5,4.5,-55.1,AP2,False
261.5,26.0,4.5,-59.9,AP2,False
262.0,26.5,4.5,-60.0,AP2,False
262.5,27.0,4.5,-58.8,AP2,False
263.0,27.5,4.5,-56.4,AP2,False
263.5,28.0,4.5,-58.5,AP2,False
264.0,28.5,4.5,-59.6,AP2,False
264.5,29.0,4.5,-60.5,AP2,False
265.0,29.5,4.5,-63.4,AP2,False
265.5,29.5,5.0,-60.3,AP2,False
266.0,29.0,5.0,-58.7,AP2,False
266.5,28.5,5.0,-58.4,AP2,False
267.0,28.0,5.0,-59.7,AP2,False
267.5,27.5,5.0,-58.6,AP2,False
268.0,27.0,5.0,-57.3,AP2,False
268.5,26.5,5.0,-58.4,AP2,False
269.0,26.0,5.0,-58.0,AP2,False
269.5,25.5,5.0,-57.0,AP2,False
270.0,25.0,5.0,-55.6,AP2,False
270.5,24.5,5.0,-58.7,AP2,False
271.0,24.0,5.0,-59.5,AP2,False
271.5,23.5,5.0,-54.9,AP2,False
272.0,23.0,5.0,-57.2,AP2,False
272.5,22.5,5.0,-56.9,AP2,False
273.0,22.0,5.0,-60.3,AP1,True
273.5,21.5,5.0,-57.8,AP2,True
274.0,21.0,5.0,-58.6,AP2,False
274.5,20.5,5.0,-59.6,AP2,False
275.0,20.0,5.0,-60.7,AP2,False
275.5,19.5,5.0,-58.3,AP1,True
276.0,19.0,5.0,-55.7,AP2,True
276.5,18.5,5.0,-58.1,AP1,True
277.0,18.0,5.0,-59.3,AP2,True
277.5,17.5,5.0,-56.7,AP1,True
278.0,17.0,5.0,-56.8,AP1,False
278.5,16.5,5.0,-57.6,AP1,False
279.0,16.0,5.0,-57.3,AP1,False
279.5,15.5,5.0,-59.6,AP1,False
280.0,15.0,5.0,-56.6,AP1,False
280.5,14.5,5.0,-57.0,AP1,False
281.0,14.0,5.0,-53.0,AP1,False
281.5,13.5,5.0,-55.0,AP1,False
282.0,13.0,5.0,-52.0,AP1,False
282.5,12.5,5.0,-54.3,AP1,False
283.0,12.0,5.0,-53.7,AP1,False
283.5,11.5,5.0,-52.8,AP1,False
284.0,11.0,5.0,-52.1,AP1,False
284.5,10.5,5.0,-52.6,AP1,False
285.0,10.0,5.0,-51.4,AP1,False
285.5,9.5,5.0,-49.7,AP1,False
286.0,9.0,5.0,-49.8,AP1,False
286.5,8.5,5.0,-46.5,AP1,False
287.0,8.0,5.0,-45.7,AP1,False
287.5,7.5,5.0,-42.7,AP1,False
288.0,7.0,5.0,-41.4,AP1,False
288.5,6.5,5.0,-38.9,AP1,False
289.0,6.0,5.0,-35.1,AP1,False
289.5,5.5,5.0,-28.4,AP1,False
290.0,5.0,5.0,-27.4,AP1,False
290.5,4.5,5.0,-28.2,AP1,False
291.0,4.0,5.0,-36.6,AP1,False
291.5,3.5,5.0,-41.0,AP1,False
292.0,3.0,5.0,-44.4,AP1,False
292.5,2.5,5.0,-44.7,AP1,False
293.0,2.0,5.0,-47.7,AP1,False
293.5,1.5,5.0,-48.1,AP1,False
294.0,1.0,5.0,-47.7,AP1,False
294.5,0.5,5.0,-46.5,AP1,False
295.0,0.5,5.5,-49.2,AP1,False
295.5,1.0,5.5,-45.6,AP1,False
296.0,1.5,5.5,-47.5,AP1,False
296.5,2.0,5.5,-45.2,AP1,False
297.0,2.5,5.5,-44.7,AP1,False
297.5,3.0,5.5,-42.7,AP1,False
298.0,3.5,5.5,-37.5,AP1,False
298.5,4.0,5.5,-37.9,AP1,False
299.0,4.5,5.5,-30.4,AP1,False
299.5,5.0,5.5,-25.6,AP1,False
300.0,5.5,5.5,-28.6,AP1,False
300.5,6.0,5.5,-35.3,AP1,False
301.0,6.5,5.5,-39.1,AP1,False
301.5,7.0,5.5,-40.3,AP1,False
302.0,7.5,5.5,-45.8,AP1,False
302.5,8.0,5.5,-46.5,AP1,False
303.0,8.5,5.5,-46.5,AP1,False
303.5,9.0,5.5,-48.3,AP1,False
304.0,9.5,5.5,-50.1,AP1,False
304.5,10.0,5.5,-49.3,AP1,False
305.0,10.5,5.5,-51.8,AP1,False
305.5,11.0,5.5,-53.0,AP1,False
306.0,11.5,5.5,-51.2,AP1,False
306.5,12.0,5.5,-52.4,AP1,False
307.0,12.5,5.5,-52.8,AP1,False
307.5,13.0,5.5,-57.3,AP1,False
308.0,13.5,5.5,-56.8,AP1,False
308.5,14.0,5.5,-57.0,AP1,False
309.0,14.5,5.5,-56.1,AP1,False
309.5,15.0,5.5,-56.6,AP1,False
310.0,15.5,5.5,-56.5,AP1,False
310.5,16.0,5.5,-57.6,AP1,False
311.0,16.5,5.5,-56.6,AP1,False
311.5,17.0,5.5,-60.1,AP2,True
312.0,17.5,5.5,-58.1,AP2,False
312.5,18.0,5.5,-56.9,AP2,False
313.0,18.5,5.5,-55.2,AP2,False
313.5,19.0,5.5,-58.0,AP2,False
314.0,19.5,5.5,-61.0,AP2,False
314.5,20.0,5.5,-57.1,AP2,False
315.0,20.5,5.5,-57.0,AP2,False
315.5,21.0,5.5,-61.3,AP2,False
316.0,21.5,5.5,-59.3,AP2,False
316.5,22.0,5.5,-56.9,AP2,False
317.0,22.5,5.5,-58.3,AP2,False
317.5,23.0,5.5,-58.0,AP2,False
318.0,23.5,5.5,-56.2,AP2,False
318.5,24.0,5.5,-58.8,AP2,False
319.0,24.5,5.5,-54.9,AP2,False
319.5,25.0,5.5,-55.5,AP2,False
320.0,25.5,5.5,-58.1,AP2,False
320.5,26.0,5.5,-60.1,AP2,False
321.0,26.5,5.5,-56.3,AP2,False
321.5,27.0,5.5,-54.8,AP2,False
322.0,27.5,5.5,-60.3,AP2,False
322.5,28.0,5.5,-56.3,AP2,False
323.0,28.5,5.5,-60.5,AP2,False
323.5,29.0,5.5,-56.9,AP2,False
324.0,29.5,5.5,-59.4,AP2,False
324.5,29.5,6.0,-56.6,AP2,False
325.0,29.0,6.0,-61.2,AP2,False
325.5,28.5,6.0,-56.8,AP2,False
326.0,28.0,6.0,-55.9,AP2,False
326.5,27.5,6.0,-57.4,AP2,False
327.0,27.0,6.0,-56.1,AP2,False
327.5,26.5,6.0,-57.5,AP2,False
328.0,26.0,6.0,-54.2,AP2,False
328.5,25.5,6.0,-55.9,AP2,False
329.0,25.0,6.0,-57.2,AP2,False
329.5,24.5,6.0,-58.8,AP2,False
330.0,24.0,6.0,-54.5,AP2,False
330.5,23.5,6.0,-56.3,AP2,False
331.0,23.0,6.0,-56.8,AP2,False
331.5,22.5,6.0,-55.4,AP2,False
332.0,22.0,6.0,-59.4,AP2,False
332.5,21.5,6.0,-59.1,AP2,False
333.0,21.0,6.0,-55.9,AP2,False
333.5,20.5,6.0,-56.4,AP2,False
334.0,20.0,6.0,-59.3,AP2,False
334.5,19.5,6.0,-59.9,AP2,False
335.0,19.0,6.0,-58.2,AP2,False
335.5,18.5,6.0,-60.4,AP1,True
336.0,18.0,6.0,-59.2,AP1,False
336.5,17.5,6.0,-57.8,AP1,False
337.0,17.0,6.0,-59.8,AP1,False
337.5,16.5,6.0,-57.9,AP2,True
338.0,16.0,6.0,-56.7,AP1,True
338.5,15.5,6.0,-57.0,AP1,False
339.0,15.0,6.0,-57.8,AP1,False
339.5,14.5,6.0,-58.0,AP1,False
340.0,14.0,6.0,-57.2,AP1,False
340.5,13.5,6.0,-57.1,AP1,False
341.0,13.0,6.0,-54.0,AP1,False
341.5,12.5,6.0,-54.1,AP1,False
342.0,12.0,6.0,-57.7,AP1,False
342.5,11.5,6.0,-51.2,AP1,False
343.0,11.0,6.0,-50.9,AP1,False
343.5,10.5,6.0,-49.8,AP1,False
344.0,10.0,6.0,-49.0,AP1,False
344.5,9.5,6.0,-51.9,AP1,False
345.0,9.0,6.0,-50.7,AP1,False
345.5,8.5,6.0,-46.5,AP1,False
346.0,8.0,6.0,-49.1,AP1,False
346.5,7.5,6.0,-43.9,AP1,False
347.0,7.0,6.0,-44.7,AP1,False
347.5,6.5,6.0,-37.5,AP1,False
348.0,6.0,6.0,-38.6,AP1,False
348.5,5.5,6.0,-36.3,AP1,False
349.0,5.0,6.0,-33.4,AP1,False
349.5,4.5,6.0,-38.1,AP1,False
350.0,4.0,6.0,-39.0,AP1,False
350.5,3.5,6.0,-40.2,AP1,False
351.0,3.0,6.0,-41.0,AP1,False
351.5,2.5,6.0,-43.9,AP1,False
352.0,2.0,6.0,-46.8,AP1,False
352.5,1.5,6.0,-45.6,AP1,False
353.0,1.0,6.0,-47.8,AP1,False
353.5,0.5,6.0,-51.5,AP1,False
354.0,0.5,6.5,-49.3,AP1,False
354.5,1.0,6.5,-50.2,AP1,False
355.0,1.5,6.5,-46.6,AP1,False
355.5,2.0,6.5,-47.8,AP1,False
356.0,2.5,6.5,-46.0,AP1,False
356.5,3.0,6.5,-43.0,AP1,False
357.0,3.5,6.5,-41.5,AP1,False
357.5,4.0,6.5,-41.4,AP1,False
358.0,4.5,6.5,-40.2,AP1,False
358.5,5.0,6.5,-36.5,AP1,False
359.0,5.5,6.5,-39.6,AP1,False
359.5,6.0,6.5,-41.2,AP1,False
360.0,6.5,6.5,-44.1,AP1,False
360.5,7.0,6.5,-44.5,AP1,False
361.0,7.5,6.5,-42.6,AP1,False
361.5,8.0,6.5,-43.9,AP1,False
362.0,8.5,6.5,-45.6,AP1,False
362.5,9.0,6.5,-47.1,AP1,False
363.0,9.5,6.5,-50.0,AP1,False
363.5,10.0,6.5,-47.1,AP1,False
364.0,10.5,6.5,-52.3,AP1,False
364.5,11.0,6.5,-51.7,AP1,False
365.0,11.5,6.5,-52.9,AP1,False
365.5,12.0,6.5,-54.3,AP1,False
366.0,12.5,6.5,-52.2,AP1,False
366.5,13.0,6.5,-53.5,AP1,False
367.0,13.5,6.5,-57.6,AP1,False
367.5,14.0,6.5,-57.7,AP1,False
368.0,14.5,6.5,-55.9,AP1,False
368.5,15.0,6.5,-56.4,AP1,False
369.0,15.5,6.5,-60.0,AP1,False
369.5,16.0,6.5,-58.8,AP2,True
370.0,16.5,6.5,-59.5,AP1,True
370.5,17.0,6.5,-58.6,AP2,True
371.0,17.5,6.5,-59.3,AP2,False
371.5,18.0,6.5,-58.8,AP2,False
372.0,18.5,6.5,-58.6,AP2,False
372.5,19.0,6.5,-59.3,AP2,False
373.0,19.5,6.5,-57.7,AP1,True
373.5,20.0,6.5,-57.4,AP2,True
374.0,20.5,6.5,-60.6,AP2,False
374.5,21.0,6.5,-56.0,AP2,False
375.0,21.5,6.5,-57.3,AP2,False
375.5,22.0,6.5,-58.9,AP2,False
376.0,22.5,6.5,-56.3,AP2,False
376.5,23.0,6.5,-60.4,AP2,False
377.0,23.5,6.5,-52.0,AP2,False
377.5,24.0,6.5,-56.5,AP2,False
378.0,24.5,6.5,-56.6,AP2,False
378.5,25.0,6.5,-58.8,AP2,False
379.0,25.5,6.5,-53.3,AP2,False
379.5,26.0,6.5,-54.9,AP2,False
380.0,26.5,6.5,-57.0,AP2,False
380.5,27.0,6.5,-54.7,AP2,False
381.0,27.5,6.5,-55.7,AP2,False
381.5,28.0,6.5,-58.2,AP2,False
382.0,28.5,6.5,-58.7,AP2,False
382.5,29.0,6.5,-57.4,AP2,False
383.0,29.5,6.5,-57.8,AP2,False
383.5,29.5,7.0,-59.7,AP2,False
384.0,29.0,7.0,-55.5,AP2,False
384.5,28.5,7.0,-54.3,AP2,False
385.0,28.0,7.0,-58.7,AP2,False
385.5,27.5,7.0,-55.4,AP2,False
386.0,27.0,7.0,-57.5,AP2,False
386.5,26.5,7.0,-55.4,AP2,False
387.0,26.0,7.0,-55.7,AP2,False
387.5,25.5,7.0,-56.9,AP2,False
388.0,25.0,7.0,-58.3,AP2,False
388.5,24.5,7.0,-57.0,AP2,False
389.0,24.0,7.0,-57.4,AP2,False
389.5,23.5,7.0,-58.1,AP2,False
390.0,23.0,7.0,-57.1,AP2,False
390.5,22.5,7.0,-57.9,AP2,False
391.0,22.0,7.0,-57.2,AP2,False
391.5,21.5,7.0,-56.1,AP2,False
392.0,21.0,7.0,-60.8,AP2,False
392.5,20.5,7.0,-58.5,AP2,False
393.0,20.0,7.0,-59.8,AP1,True
393.5,19.5,7.0,-58.2,AP2,True
394.0,19.0,7.0,-56.2,AP2,False
394.5,18.5,7.0,-56.6,AP2,False
395.0,18.0,7.0,-61.8,AP1,True
395.5,17.5,7.0,-57.4,AP1,False
396.0,17.0,7.0,-58.1,AP1,False
396.5,16.5,7.0,-57.8,AP1,False
397.0,16.0,7.0,-56.6,AP1,False
397.5,15.5,7.0,-56.2,AP1,False
398.0,15.0,7.0,-60.1,AP1,False
398.5,14.5,7.0,-55.0,AP1,False
399.0,14.0,7.0,-56.8,AP1,False
399.5,13.5,7.0,-56.3,AP1,False
400.0,13.0,7.0,-55.0,AP1,False
400.5,12.5,7.0,-52.3,AP1,False
401.0,12.0,7.0,-51.1,AP1,False
401.5,11.5,7.0,-50.7,AP1,False
402.0,11.0,7.0,-52.4,AP1,False
402.5,10.5,7.0,-52.1,AP1,False
403.0,10.0,7.0,-51.2,AP1,False
403.5,9.5,7.0,-47.8,AP1,False
404.0,9.0,7.0,-50.0,AP1,False
404.5,8.5,7.0,-48.4,AP1,False
405.0,8.0,7.0,-48.9,AP1,False
405.5,7.5,7.0,-49.5,AP1,False
406.0,7.0,7.0,-45.0,AP1,False
406.5,6.5,7.0,-43.8,AP1,False
407.0,6.0,7.0,-40.5,AP1,False
407.5,5.5,7.0,-41.7,AP1,False
408.0,5.0,7.0,-42.5,AP1,False
408.5,4.5,7.0,-40.4,AP1,False
409.0,4.0,7.0,-43.2,AP1,False
409.5,3.5,7.0,-45.1,AP1,False
410.0,3.0,7.0,-47.0,AP1,False
410.5,2.5,7.0,-44.5,AP1,False
411.0,2.0,7.0,-48.7,AP1,False
411.5,1.5,7.0,-49.4,AP1,False
412.0,1.0,7.0,-51.3,AP1,False
412.5,0.5,7.0,-47.8,AP1,False
413.0,0.5,7.5,-51.8,AP1,False
413.5,1.0,7.5,-46.1,AP1,False
414.0,1.5,7.5,-49.8,AP1,False
414.5,2.0,7.5,-49.0,AP1,False
415.0,2.5,7.5,-44.3,AP1,False
415.5,3.0,7.5,-47.2,AP1,False
416.0,3.5,7.5,-48.1,AP1,False
416.5,4.0,7.5,-46.1,AP1,False
417.0,4.5,7.5,-46.5,AP1,False
417.5,5.0,7.5,-43.3,AP1,False
418.0,5.5,7.5,-42.8,AP1,False
418.5,6.0,7.5,-46.2,AP1,False
419.0,6.5,7.5,-44.0,AP1,False
419.5,7.0,7.5,-43.4,AP1,False
420.0,7.5,7.5,-45.9,AP1,False
420.5,8.0,7.5,-49.1,AP1,False
421.0,8.5,7.5,-47.3,AP1,False
421.5,9.0,7.5,-51.1,AP1,False
422.0,9.5,7.5,-51.0,AP1,False
422.5,10.0,7.5,-54.0,AP1,False
423.0,10.5,7.5,-51.4,AP1,False
423.5,11.0,7.5,-51.9,AP1,False
424.0,11.5,7.5,-55.3,AP1,False
424.5,12.0,7.5,-55.2,AP1,False
425.0,12.5,7.5,-54.8,AP1,False
425.5,13.0,7.5,-54.9,AP1,False
426.0,13.5,7.5,-53.5,AP1,False
426.5,14.0,7.5,-56.2,AP1,False
427.0,14.5,7.5,-59.6,AP1,False
427.5,15.0,7.5,-55.9,AP1,False
428.0,15.5,7.5,-59.6,AP2,True
428.5,16.0,7.5,-57.8,AP1,True
429.0,16.5,7.5,-56.8,AP2,True
429.5,17.0,7.5,-57.2,AP2,False
430.0,17.5,7.5,-57.4,AP2,False
430.5,18.0,7.5,-57.8,AP2,False
431.0,18.5,7.5,-58.0,AP2,False
431.5,19.0,7.5,-56.0,AP2,False
432.0,19.5,7.5,-58.3,AP2,False
432.5,20.0,7.5,-57.9,AP2,False
433.0,20.5,7.5,-56.6,AP2,False
433.5,21.0,7.5,-55.2,AP2,False
434.0,21.5,7.5,-57.6,AP2,False
434.5,22.0,7.5,-56.3,AP2,False
435.0,22.5,7.5,-57.4,AP2,False
435.5,23.0,7.5,-56.4,AP2,False
436.0,23.5,7.5,-59.4,AP2,False
436.5,24.0,7.5,-54.6,AP2,False
437.0,24.5,7.5,-53.9,AP2,False
437.5,25.0,7.5,-54.7,AP2,False
438.0,25.5,7.5,-56.3,AP2,False
438.5,26.0,7.5,-54.0,AP2,False
439.0,26.5,7.5,-55.6,AP2,False
439.5,27.0,7.5,-56.4,AP2,False
440.0,27.5,7.5,-52.4,AP2,False
440.5,28.0,7.5,-53.5,AP2,False
441.0,28.5,7.5,-59.5,AP2,False
441.5,29.0,7.5,-57.9,AP2,False
442.0,29.5,7.5,-56.3,AP2,False
442.5,29.5,8.0,-57.3,AP2,False
443.0,29.0,8.0,-55.3,AP2,False
443.5,28.5,8.0,-53.8,AP2,False
444.0,28.0,8.0,-57.4,AP2,False
444.5,27.5,8.0,-55.4,AP2,False
445.0,27.0,8.0,-57.4,AP2,False
445.5,26.5,8.0,-58.7,AP2,False
446.0,26.0,8.0,-54.0,AP2,False
446.5,25.5,8.0,-58.6,AP2,False
447.0,25.0,8.0,-55.6,AP2,False
447.5,24.5,8.0,-56.0,AP2,False
448.0,24.0,8.0,-53.4,AP2,False
448.5,23.5,8.0,-53.6,AP2,False
449.0,23.0,8.0,-54.6,AP2,False
449.5,22.5,8.0,-53.9,AP2,False
450.0,22.0,8.0,-55.4,AP2,False
450.5,21.5,8.0,-56.6,AP2,False
451.0,21.0,8.0,-54.8,AP2,False
451.5,20.5,8.0,-52.0,AP2,False
452.0,20.0,8.0,-59.0,AP1,True
452.5,19.5,8.0,-55.3,AP2,True
453.0,19.0,8.0,-54.8,AP2,False
453.5,18.5,8.0,-58.9,AP1,True
454.0,18.0,8.0,-57.4,AP2,True
454.5,17.5,8.0,-58.6,AP1,True
455.0,17.0,8.0,-59.4,AP2,True
455.5,16.5,8.0,-58.4,AP2,False
456.0,16.0,8.0,-58.7,AP1,True
456.5,15.5,8.0,-56.0,AP1,False
457.0,15.0,8.0,-57.6,AP1,False
457.5,14.5,8.0,-56.3,AP1,False
458.0,14.0,8.0,-55.8,AP1,False
458.5,13.5,8.0,-55.1,AP1,False
459.0,13.0,8.0,-56.8,AP1,False
459.5,12.5,8.0,-51.8,AP1,False
460.0,12.0,8.0,-51.4,AP1,False
460.5,11.5,8.0,-54.3,AP1,False
461.0,11.0,8.0,-54.4,AP1,False
461.5,10.5,8.0,-52.6,AP1,False
462.0,10.0,8.0,-54.9,AP1,False
462.5,9.5,8.0,-47.7,AP1,False
463.0,9.0,8.0,-49.4,AP1,False
463.5,8.5,8.0,-49.2,AP1,False
464.0,8.0,8.0,-49.0,AP1,False
464.5,7.5,8.0,-47.7,AP1,False
465.0,7.0,8.0,-46.8,AP1,False
465.5,6.5,8.0,-46.5,AP1,False
466.0,6.0,8.0,-45.1,AP1,False
466.5,5.5,8.0,-45.0,AP1,False
467.0,5.0,8.0,-44.6,AP1,False
467.5,4.5,8.0,-46.4,AP1,False
468.0,4.0,8.0,-44.9,AP1,False
468.5,3.5,8.0,-46.8,AP1,False
469.0,3.0,8.0,-46.7,AP1,False
469.5,2.5,8.0,-49.4,AP1,False
470.0,2.0,8.0,-49.0,AP1,False
470.5,1.5,8.0,-51.4,AP1,False
471.0,1.0,8.0,-49.6,AP1,False
471.5,0.5,8.0,-51.0,AP1,False
472.0,0.5,8.5,-51.8,AP1,False
472.5,1.0,8.5,-51.1,AP1,False
473.0,1.5,8.5,-49.8,AP1,False
473.5,2.0,8.5,-48.0,AP1,False
474.0,2.5,8.5,-49.2,AP1,False
474.5,3.0,8.5,-46.9,AP1,False
475.0,3.5,8.5,-47.0,AP1,False
475.5,4.0,8.5,-46.2,AP1,False
476.0,4.5,8.5,-47.7,AP1,False
476.5,5.0,8.5,-48.4,AP1,False
477.0,5.5,8.5,-45.2,AP1,False
477.5,6.0,8.5,-49.0,AP1,False
478.0,6.5,8.5,-46.1,AP1,False
478.5,7.0,8.5,-47.1,AP1,False
479.0,7.5,8.5,-50.0,AP1,False
479.5,8.0,8.5,-51.4,AP1,False
480.0,8.5,8.5,-47.5,AP1,False
480.5,9.0,8.5,-49.3,AP1,False
481.0,9.5,8.5,-53.5,AP1,False
481.5,10.0,8.5,-52.6,AP1,False
482.0,10.5,8.5,-51.9,AP1,False
482.5,11.0,8.5,-53.2,AP1,False
483.0,11.5,8.5,-54.1,AP1,False
483.5,12.0,8.5,-54.0,AP1,False
484.0,12.5,8.5,-55.5,AP1,False
484.5,13.0,8.5,-53.7,AP1,False
485.0,13.5,8.5,-57.8,AP1,False
485.5,14.0,8.5,-56.9,AP1,False
486.0,14.5,8.5,-55.5,AP1,False
486.5,15.0,8.5,-56.8,AP1,False
487.0,15.5,8.5,-59.4,AP2,True
487.5,16.0,8.5,-58.2,AP2,False
488.0,16.5,8.5,-58.2,AP2,False
488.5,17.0,8.5,-60.3,AP2,False
489.0,17.5,8.5,-56.0,AP2,False
489.5,18.0,8.5,-58.6,AP2,False
490.0,18.5,8.5,-58.6,AP1,True
490.5,19.0,8.5,-55.5,AP2,True
491.0,19.5,8.5,-58.2,AP2,False
491.5,20.0,8.5,-53.3,AP2,False
492.0,20.5,8.5,-57.2,AP2,False
492.5,21.0,8.5,-53.6,AP2,False
493.0,21.5,8.5,-52.8,AP2,False
493.5,22.0,8.5,-58.3,AP2,False
494.0,22.5,8.5,-57.4,AP2,False
494.5,23.0,8.5,-53.3,AP2,False
495.0,23.5,8.5,-54.9,AP2,False
495.5,24.0,8.5,-51.7,AP2,False
496.0,24.5,8.5,-54.8,AP2,False
496.5,25.0,8.5,-53.6,AP2,False
497.0,25.5,8.5,-52.7,AP2,False
497.5,26.0,8.5,-53.5,AP2,False
498.0,26.5,8.5,-54.4,AP2,False
498.5,27.0,8.5,-55.0,AP2,False
499.0,27.5,8.5,-57.7,AP2,False
499.5,28.0,8.5,-54.8,AP2,False
500.0,28.5,8.5,-55.9,AP2,False
500.5,29.0,8.5,-56.5,AP2,False
501.0,29.5,8.5,-56.6,AP2,False
501.5,29.5,9.0,-55.9,AP2,False
502.0,29.0,9.0,-54.8,AP2,False
502.5,28.5,9.0,-54.7,AP2,False
503.0,28.0,9.0,-51.4,AP2,False
503.5,27.5,9.0,-51.9,AP2,False
504.0,27.0,9.0,-53.8,AP2,False
504.5,26.5,9.0,-51.0,AP2,False
505.0,26.0,9.0,-53.0,AP2,False
505.5,25.5,9.0,-52.0,AP2,False
506.0,25.0,9.0,-50.9,AP2,False
506.5,24.5,9.0,-51.4,AP2,False
507.0,24.0,9.0,-51.6,AP2,False
507.5,23.5,9.0,-55.1,AP2,False
508.0,23.0,9.0,-54.3,AP2,False
508.5,22.5,9.0,-50.8,AP2,False
509.0,22.0,9.0,-53.3,AP2,False
509.5,21.5,9.0,-55.5,AP2,False
510.0,21.0,9.0,-53.3,AP2,False
510.5,20.5,9.0,-52.9,AP2,False
511.0,20.0,9.0,-53.8,AP2,False
511.5,19.5,9.0,-55.7,AP2,False
512.0,19.0,9.0,-57.3,AP2,False
512.5,18.5,9.0,-57.5,AP2,False
513.0,18.0,9.0,-52.0,AP2,False
513.5,17.5,9.0,-54.6,AP2,False
514.0,17.0,9.0,-57.4,AP2,False
514.5,16.5,9.0,-57.8,AP1,True
515.0,16.0,9.0,-57.1,AP1,False
515.5,15.5,9.0,-58.1,AP2,True
516.0,15.0,9.0,-56.9,AP1,True
516.5,14.5,9.0,-54.9,AP1,False
517.0,14.0,9.0,-56.1,AP1,False
517.5,13.5,9.0,-57.8,AP1,False
518.0,13.0,9.0,-58.1,AP1,False
518.5,12.5,9.0,-54.7,AP1,False
519.0,12.0,9.0,-55.1,AP1,False
519.5,11.5,9.0,-54.3,AP1,False
520.0,11.0,9.0,-53.4,AP1,False
520.5,10.5,9.0,-52.6,AP1,False
521.0,10.0,9.0,-52.6,AP1,False
521.5,9.5,9.0,-52.0,AP1,False
522.0,9.0,9.0,-55.4,AP1,False
522.5,8.5,9.0,-52.4,AP1,False
523.0,8.0,9.0,-49.7,AP1,False
523.5,7.5,9.0,-51.0,AP1,False
524.0,7.0,9.0,-50.9,AP1,False
524.5,6.5,9.0,-49.1,AP1,False
525.0,6.0,9.0,-50.0,AP1,False
525.5,5.5,9.0,-49.3,AP1,False
526.0,5.0,9.0,-47.6,AP1,False
526.5,4.5,9.0,-49.9,AP1,False
527.0,4.0,9.0,-48.0,AP1,False
527.5,3.5,9.0,-47.7,AP1,False
528.0,3.0,9.0,-49.9,AP1,False
528.5,2.5,9.0,-48.7,AP1,False
529.0,2.0,9.0,-48.8,AP1,False
529.5,1.5,9.0,-50.0,AP1,False
530.0,1.0,9.0,-54.5,AP1,False
530.5,0.5,9.0,-51.7,AP1,False
531.0,0.5,9.5,-54.3,AP1,False
531.5,1.0,9.5,-49.9,AP1,False
532.0,1.5,9.5,-56.8,AP1,False
532.5,2.0,9.5,-52.9,AP1,False
533.0,2.5,9.5,-51.2,AP1,False
533.5,3.0,9.5,-51.5,AP1,False
534.0,3.5,9.5,-52.0,AP1,False
534.5,4.0,9.5,-50.4,AP1,False
535.0,4.5,9.5,-48.2,AP1,False
535.5,5.0,9.5,-50.9,AP1,False
536.0,5.5,9.5,-52.2,AP1,False
536.5,6.0,9.5,-47.9,AP1,False
537.0,6.5,9.5,-51.8,AP1,False
537.5,7.0,9.5,-48.9,AP1,False
538.0,7.5,9.5,-53.4,AP1,False
538.5,8.0,9.5,-50.5,AP1,False
539.0,8.5,9.5,-48.9,AP1,False
539.5,9.0,9.5,-52.9,AP1,False
540.0,9.5,9.5,-50.9,AP1,False
540.5,10.0,9.5,-51.3,AP1,False
541.0,10.5,9.5,-52.5,AP1,False
541.5,11.0,9.5,-53.6,AP1,False
542.0,11.5,9.5,-56.5,AP1,False
542.5,12.0,9.5,-54.9,AP1,False
543.0,12.5,9.5,-57.1,AP1,False
543.5,13.0,9.5,-56.3,AP2,True
544.0,13.5,9.5,-56.9,AP1,True
544.5,14.0,9.5,-58.5,AP2,True
545.0,14.5,9.5,-57.2,AP2,False
545.5,15.0,9.5,-56.6,AP1,True
546.0,15.5,9.5,-57.2,AP1,False
546.5,16.0,9.5,-59.1,AP1,False
547.0,16.5,9.5,-58.1,AP2,True
547.5,17.0,9.5,-55.1,AP2,False
548.0,17.5,9.5,-58.5,AP2,False
548.5,18.0,9.5,-57.6,AP2,False
549.0,18.5,9.5,-55.6,AP2,False
549.5,19.0,9.5,-56.7,AP2,False
550.0,19.5,9.5,-54.7,AP2,False
550.5,20.0,9.5,-55.4,AP2,False
551.0,20.5,9.5,-56.6,AP2,False
551.5,21.0,9.5,-53.9,AP2,False
552.0,21.5,9.5,-55.1,AP2,False
552.5,22.0,9.5,-54.8,AP2,False
553.0,22.5,9.5,-51.5,AP2,False
553.5,23.0,9.5,-50.1,AP2,False
554.0,23.5,9.5,-53.0,AP2,False
554.5,24.0,9.5,-51.4,AP2,False
555.0,24.5,9.5,-50.5,AP2,False
555.5,25.0,9.5,-54.0,AP2,False
556.0,25.5,9.5,-50.9,AP2,False
556.5,26.0,9.5,-51.4,AP2,False
557.0,26.5,9.5,-53.6,AP2,False
557.5,27.0,9.5,-48.9,AP2,False
558.0,27.5,9.5,-54.1,AP2,False
558.5,28.0,9.5,-55.9,AP2,False
559.0,28.5,9.5,-53.4,AP2,False
559.5,29.0,9.5,-52.2,AP2,False
560.0,29.5,9.5,-55.7,AP2,False
560.5,29.5,10.0,-50.4,AP2,False
561.0,29.0,10.0,-53.0,AP2,False
561.5,28.5,10.0,-51.7,AP2,False
562.0,28.0,10.0,-51.5,AP2,False
562.5,27.5,10.0,-52.2,AP2,False
563.0,27.0,10.0,-51.9,AP2,False
563.5,26.5,10.0,-51.6,AP2,False
564.0,26.0,10.0,-50.6,AP2,False
564.5,25.5,10.0,-48.5,AP2,False
565.0,25.0,10.0,-49.7,AP2,False
565.5,24.5,10.0,-49.5,AP2,False
566.0,24.0,10.0,-50.5,AP2,False
566.5,23.5,10.0,-52.6,AP2,False
567.0,23.0,10.0,-49.2,AP2,False
567.5,22.5,10.0,-51.2,AP2,False
568.0,22.0,10.0,-53.2,AP2,False
568.5,21.5,10.0,-51.7,AP2,False
569.0,21.0,10.0,-54.4,AP2,False
569.5,20.5,10.0,-51.6,AP2,False
570.0,20.0,10.0,-51.2,AP2,False
570.5,19.5,10.0,-50.6,AP2,False
571.0,19.0,10.0,-55.5,AP2,False
571.5,18.5,10.0,-55.7,AP2,False
572.0,18.0,10.0,-57.8,AP2,False
572.5,17.5,10.0,-58.2,AP1,True
573.0,17.0,10.0,-56.4,AP2,True
573.5,16.5,10.0,-58.6,AP2,False
574.0,16.0,10.0,-58.3,AP1,True
574.5,15.5,10.0,-58.9,AP2,True
575.0,15.0,10.0,-56.1,AP2,False
575.5,14.5,10.0,-57.8,AP2,False
576.0,14.0,10.0,-58.5,AP1,True
576.5,13.5,10.0,-57.4,AP1,False
577.0,13.0,10.0,-55.1,AP1,False
577.5,12.5,10.0,-57.0,AP1,False
578.0,12.0,10.0,-54.1,AP1,False
578.5,11.5,10.0,-56.2,AP1,False
579.0,11.0,10.0,-54.8,AP1,False
579.5,10.5,10.0,-54.6,AP1,False
580.0,10.0,10.0,-52.0,AP1,False
580.5,9.5,10.0,-53.5,AP1,False
581.0,9.0,10.0,-50.6,AP1,False
581.5,8.5,10.0,-50.1,AP1,False
582.0,8.0,10.0,-51.0,AP1,False
582.5,7.5,10.0,-49.2,AP1,False
583.0,7.0,10.0,-51.8,AP1,False
583.5,6.5,10.0,-52.7,AP1,False
584.0,6.0,10.0,-50.9,AP1,False
584.5,5.5,10.0,-49.6,AP1,False
585.0,5.0,10.0,-51.0,AP1,False
585.5,4.5,10.0,-47.9,AP1,False
586.0,4.0,10.0,-50.8,AP1,False
586.5,3.5,10.0,-50.4,AP1,False
587.0,3.0,10.0,-50.6,AP1,False
587.5,2.5,10.0,-51.9,AP1,False
588.0,2.0,10.0,-50.6,AP1,False
588.5,1.5,10.0,-52.9,AP1,False
589.0,1.0,10.0,-51.7,AP1,False
589.5,0.5,10.0,-53.5,AP1,False
590.0,0.5,10.5,-55.8,AP1,False
590.5,1.0,10.5,-53.4,AP1,False
591.0,1.5,10.5,-51.6,AP1,False
591.5,2.0,10.5,-52.6,AP1,False
592.0,2.5,10.5,-50.9,AP1,False
592.5,3.0,10.5,-50.8,AP1,False
593.0,3.5,10.5,-49.6,AP1,False
593.5,4.0,10.5,-50.6,AP1,False
594.0,4.5,10.5,-51.3,AP1,False
594.5,5.0,10.5,-51.8,AP1,False
595.0,5.5,10.5,-51.4,AP1,False
595.5,6.0,10.5,-51.6,AP1,False
596.0,6.5,10.5,-50.1,AP1,False
596.5,7.0,10.5,-49.8,AP1,False
597.0,7.5,10.5,-52.4,AP1,False
597.5,8.0,10.5,-53.7,AP1,False
598.0,8.5,10.5,-50.7,AP1,False
598.5,9.0,10.5,-54.9,AP1,False
599.0,9.5,10.5,-53.0,AP1,False
599.5,10.0,10.5,-54.1,AP1,False
600.0,10.5,10.5,-55.4,AP1,False
600.5,11.0,10.5,-55.2,AP1,False
601.0,11.5,10.5,-53.4,AP1,False
601.5,12.0,10.5,-57.0,AP1,False
602.0,12.5,10.5,-55.0,AP1,False
602.5,13.0,10.5,-57.6,AP1,False
603.0,13.5,10.5,-57.4,AP1,False
603.5,14.0,10.5,-58.1,AP1,False
604.0,14.5,10.5,-57.8,AP1,False
604.5,15.0,10.5,-59.1,AP2,True
605.0,15.5,10.5,-57.3,AP1,True
605.5,16.0,10.5,-54.5,AP2,True
606.0,16.5,10.5,-55.8,AP2,False
606.5,17.0,10.5,-54.2,AP2,False
607.0,17.5,10.5,-57.5,AP2,False
607.5,18.0,10.5,-53.8,AP2,False
608.0,18.5,10.5,-56.7,AP2,False
608.5,19.0,10.5,-58.4,AP2,False
609.0,19.5,10.5,-53.5,AP2,False
609.5,20.0,10.5,-52.9,AP2,False
610.0,20.5,10.5,-52.7,AP2,False
610.5,21.0,10.5,-50.1,AP2,False
611.0,21.5,10.5,-51.9,AP2,False
611.5,22.0,10.5,-49.8,AP2,False
612.0,22.5,10.5,-50.3,AP2,False
612.5,23.0,10.5,-50.5,AP2,False
613.0,23.5,10.5,-50.4,AP2,False
613.5,24.0,10.5,-48.5,AP2,False
614.0,24.5,10.5,-50.0,AP2,False
614.5,25.0,10.5,-48.4,AP2,False
615.0,25.5,10.5,-49.3,AP2,False
615.5,26.0,10.5,-50.0,AP2,False
616.0,26.5,10.5,-51.5,AP2,False
616.5,27.0,10.5,-53.6,AP2,False
617.0,27.5,10.5,-52.2,AP2,False
617.5,28.0,10.5,-50.6,AP2,False
618.0,28.5,10.5,-51.6,AP2,False
618.5,29.0,10.5,-54.0,AP2,False
619.0,29.5,10.5,-50.9,AP2,False
619.5,29.5,11.0,-56.1,AP2,False
620.0,29.0,11.0,-49.3,AP2,False
620.5,28.5,11.0,-54.0,AP2,False
621.0,28.0,11.0,-49.8,AP2,False
621.5,27.5,11.0,-51.6,AP2,False
622.0,27.0,11.0,-47.9,AP2,False
622.5,26.5,11.0,-46.6,AP2,False
623.0,26.0,11.0,-48.2,AP2,False
623.5,25.5,11.0,-49.6,AP2,False
624.0,25.0,11.0,-51.0,AP2,False
624.5,24.5,11.0,-51.0,AP2,False
625.0,24.0,11.0,-48.7,AP2,False
625.5,23.5,11.0,-47.9,AP2,False
626.0,23.0,11.0,-50.0,AP2,False
626.5,22.5,11.0,-51.2,AP2,False
627.0,22.0,11.0,-49.1,AP2,False
627.5,21.5,11.0,-51.1,AP2,False
628.0,21.0,11.0,-51.6,AP2,False
628.5,20.5,11.0,-52.8,AP2,False
629.0,20.0,11.0,-56.3,AP2,False
629.5,19.5,11.0,-55.8,AP2,False
630.0,19.0,11.0,-52.0,AP2,False
630.5,18.5,11.0,-55.4,AP2,False
631.0,18.0,11.0,-54.1,AP2,False
631.5,17.5,11.0,-59.2,AP2,False
632.0,17.0,11.0,-57.4,AP2,False
632.5,16.5,11.0,-55.5,AP2,False
633.0,16.0,11.0,-58.5,AP2,False
633.5,15.5,11.0,-57.6,AP2,False
634.0,15.0,11.0,-57.0,AP2,False
634.5,14.5,11.0,-54.9,AP1,True
635.0,14.0,11.0,-55.1,AP1,False
635.5,13.5,11.0,-55.4,AP1,False
636.0,13.0,11.0,-56.8,AP1,False
636.5,12.5,11.0,-57.5,AP1,False
637.0,12.0,11.0,-56.8,AP1,False
637.5,11.5,11.0,-54.2,AP1,False
638.0,11.0,11.0,-56.2,AP1,False
638.5,10.5,11.0,-56.8,AP1,False
639.0,10.0,11.0,-53.7,AP1,False
639.5,9.5,11.0,-55.0,AP1,False
640.0,9.0,11.0,-52.0,AP1,False
640.5,8.5,11.0,-54.9,AP1,False
641.0,8.0,11.0,-54.8,AP1,False
641.5,7.5,11.0,-54.3,AP1,False
642.0,7.0,11.0,-51.9,AP1,False
642.5,6.5,11.0,-51.0,AP1,False
643.0,6.0,11.0,-50.0,AP1,False
643.5,5.5,11.0,-52.2,AP1,False
644.0,5.0,11.0,-53.2,AP1,False
644.5,4.5,11.0,-54.1,AP1,False
645.0,4.0,11.0,-52.0,AP1,False
645.5,3.5,11.0,-51.0,AP1,False
646.0,3.0,11.0,-53.1,AP1,False
646.5,2.5,11.0,-53.4,AP1,False
647.0,2.0,11.0,-56.0,AP1,False
647.5,1.5,11.0,-55.8,AP1,False
648.0,1.0,11.0,-53.8,AP1,False
648.5,0.5,11.0,-51.9,AP1,False
649.0,0.5,11.5,-52.5,AP1,False
649.5,1.0,11.5,-55.1,AP1,False
650.0,1.5,11.5,-52.2,AP1,False
650.5,2.0,11.5,-53.7,AP1,False
651.0,2.5,11.5,-53.5,AP1,False
651.5,3.0,11.5,-53.2,AP1,False
652.0,3.5,11.5,-51.1,AP1,False
652.5,4.0,11.5,-52.7,AP1,False
653.0,4.5,11.5,-53.3,AP1,False
653.5,5.0,11.5,-51.3,AP1,False
654.0,5.5,11.5,-51.6,AP1,False
654.5,6.0,11.5,-50.4,AP1,False
655.0,6.5,11.5,-51.9,AP1,False
655.5,7.0,11.5,-54.7,AP1,False
656.0,7.5,11.5,-54.7,AP1,False
656.5,8.0,11.5,-52.8,AP1,False
657.0,8.5,11.5,-54.4,AP1,False
657.5,9.0,11.5,-54.5,AP1,False
658.0,9.5,11.5,-55.3,AP1,False
658.5,10.0,11.5,-57.7,AP1,False
659.0,10.5,11.5,-52.9,AP1,False
659.5,11.0,11.5,-56.3,AP1,False
660.0,11.5,11.5,-55.6,AP1,False
660.5,12.0,11.5,-55.5,AP1,False
661.0,12.5,11.5,-56.7,AP1,False
661.5,13.0,11.5,-55.2,AP1,False
662.0,13.5,11.5,-56.9,AP1,False
662.5,14.0,11.5,-56.8,AP2,True
663.0,14.5,11.5,-58.4,AP2,False
663.5,15.0,11.5,-57.4,AP1,True
664.0,15.5,11.5,-60.0,AP1,False
664.5,16.0,11.5,-57.7,AP2,True
665.0,16.5,11.5,-56.3,AP2,False
665.5,17.0,11.5,-56.6,AP2,False
666.0,17.5,11.5,-56.5,AP2,False
666.5,18.0,11.5,-52.4,AP2,False
667.0,18.5,11.5,-56.5,AP2,False
667.5,19.0,11.5,-54.0,AP2,False
668.0,19.5,11.5,-55.0,AP2,False
668.5,20.0,11.5,-54.6,AP2,False
669.0,20.5,11.5,-51.4,AP2,False
669.5,21.0,11.5,-47.7,AP2,False
670.0,21.5,11.5,-51.0,AP2,False
670.5,22.0,11.5,-48.4,AP2,False
671.0,22.5,11.5,-48.7,AP2,False
671.5,23.0,11.5,-47.4,AP2,False
672.0,23.5,11.5,-47.8,AP2,False
672.5,24.0,11.5,-47.1,AP2,False
673.0,24.5,11.5,-45.8,AP2,False
673.5,25.0,11.5,-46.8,AP2,False
674.0,25.5,11.5,-48.4,AP2,False
674.5,26.0,11.5,-45.4,AP2,False
675.0,26.5,11.5,-45.6,AP2,False
675.5,27.0,11.5,-49.3,AP2,False
676.0,27.5,11.5,-49.2,AP2,False
676.5,28.0,11.5,-51.1,AP2,False
677.0,28.5,11.5,-52.9,AP2,False
677.5,29.0,11.5,-53.3,AP2,False
678.0,29.5,11.5,-51.0,AP2,False
678.5,29.5,12.0,-55.1,AP2,False
679.0,29.0,12.0,-51.8,AP2,False
679.5,28.5,12.0,-47.0,AP2,False
680.0,28.0,12.0,-51.2,AP2,False
680.5,27.5,12.0,-49.5,AP2,False
681.0,27.0,12.0,-47.9,AP2,False
681.5,26.5,12.0,-46.0,AP2,False
682.0,26.0,12.0,-41.2,AP2,False
682.5,25.5,12.0,-45.4,AP2,False
683.0,25.0,12.0,-44.1,AP2,False
683.5,24.5,12.0,-44.8,AP2,False
684.0,24.0,12.0,-45.8,AP2,False
684.5,23.5,12.0,-46.0,AP2,False
685.0,23.0,12.0,-48.0,AP2,False
685.5,22.5,12.0,-47.6,AP2,False
686.0,22.0,12.0,-47.6,AP2,False
686.5,21.5,12.0,-52.2,AP2,False
687.0,21.0,12.0,-51.4,AP2,False
687.5,20.5,12.0,-52.7,AP2,False
688.0,20.0,12.0,-51.8,AP2,False
688.5,19.5,12.0,-55.7,AP2,False
689.0,19.0,12.0,-51.4,AP2,False
689.5,18.5,12.0,-52.9,AP2,False
690.0,18.0,12.0,-54.3,AP2,False
690.5,17.5,12.0,-56.6,AP2,False
691.0,17.0,12.0,-56.0,AP2,False
691.5,16.5,12.0,-55.7,AP2,False
692.0,16.0,12.0,-58.7,AP2,False
692.5,15.5,12.0,-57.3,AP2,False
693.0,15.0,12.0,-60.6,AP2,False
693.5,14.5,12.0,-59.2,AP1,True
694.0,14.0,12.0,-58.6,AP1,False
694.5,13.5,12.0,-58.4,AP1,False
695.0,13.0,12.0,-56.5,AP1,False
695.5,12.5,12.0,-57.7,AP1,False
696.0,12.0,12.0,-56.2,AP1,False
696.5,11.5,12.0,-55.0,AP1,False
697.0,11.0,12.0,-55.3,AP1,False
697.5,10.5,12.0,-57.0,AP1,False
698.0,10.0,12.0,-56.5,AP1,False
698.5,9.5,12.0,-55.8,AP1,False
699.0,9.0,12.0,-53.5,AP1,False
699.5,8.5,12.0,-52.6,AP1,False
700.0,8.0,12.0,-55.3,AP1,False
700.5,7.5,12.0,-55.1,AP1,False
701.0,7.0,12.0,-54.2,AP1,False
701.5,6.5,12.0,-52.1,AP1,False
702.0,6.0,12.0,-53.2,AP1,False
702.5,5.5,12.0,-55.4,AP1,False
703.0,5.0,12.0,-53.9,AP1,False
703.5,4.5,12.0,-53.2,AP1,False
704.0,4.0,12.0,-53.6,AP1,False
704.5,3.5,12.0,-53.2,AP1,False
705.0,3.0,12.0,-55.9,AP1,False
705.5,2.5,12.0,-56.2,AP1,False
706.0,2.0,12.0,-55.5,AP1,False
706.5,1.5,12.0,-54.7,AP1,False
707.0,1.0,12.0,-55.6,AP1,False
707.5,0.5,12.0,-55.0,AP1,False
708.0,0.5,12.5,-55.1,AP1,False
708.5,1.0,12.5,-56.6,AP1,False
709.0,1.5,12.5,-58.7,AP1,False
709.5,2.0,12.5,-54.8,AP1,False
710.0,2.5,12.5,-56.9,AP1,False
710.5,3.0,12.5,-54.4,AP1,False
711.0,3.5,12.5,-53.4,AP1,False
711.5,4.0,12.5,-54.3,AP1,False
712.0,4.5,12.5,-53.5,AP1,False
712.5,5.0,12.5,-52.6,AP1,False
713.0,5.5,12.5,-55.2,AP1,False
713.5,6.0,12.5,-53.0,AP1,False
714.0,6.5,12.5,-53.9,AP1,False
714.5,7.0,12.5,-54.8,AP1,False
715.0,7.5,12.5,-54.6,AP1,False
715.5,8.0,12.5,-54.8,AP1,False
716.0,8.5,12.5,-53.4,AP1,False
716.5,9.0,12.5,-56.4,AP1,False
717.0,9.5,12.5,-55.2,AP1,False
717.5,10.0,12.5,-57.5,AP1,False
718.0,10.5,12.5,-54.4,AP1,False
718.5,11.0,12.5,-54.6,AP1,False
719.0,11.5,12.5,-59.2,AP2,True
719.5,12.0,12.5,-55.4,AP1,True
720.0,12.5,12.5,-58.4,AP2,True
720.5,13.0,12.5,-55.9,AP1,True
721.0,13.5,12.5,-58.0,AP1,False
721.5,14.0,12.5,-57.3,AP2,True
722.0,14.5,12.5,-57.6,AP2,False
722.5,15.0,12.5,-59.0,AP1,True
723.0,15.5,12.5,-52.3,AP2,True
723.5,16.0,12.5,-55.0,AP2,False
724.0,16.5,12.5,-53.7,AP2,False
724.5,17.0,12.5,-57.2,AP2,False
725.0,17.5,12.5,-58.9,AP2,False
725.5,18.0,12.5,-53.3,AP2,False
726.0,18.5,12.5,-53.9,AP2,False
726.5,19.0,12.5,-51.2,AP2,False
727.0,19.5,12.5,-53.9,AP2,False
727.5,20.0,12.5,-53.7,AP2,False
728.0,20.5,12.5,-47.5,AP2,False
728.5,21.0,12.5,-47.8,AP2,False
729.0,21.5,12.5,-50.1,AP2,False
729.5,22.0,12.5,-52.6,AP2,False
730.0,22.5,12.5,-46.8,AP2,False
730.5,23.0,12.5,-43.0,AP2,False
731.0,23.5,12.5,-44.9,AP2,False
731.5,24.0,12.5,-41.9,AP2,False
732.0,24.5,12.5,-43.1,AP2,False
732.5,25.0,12.5,-44.3,AP2,False
733.0,25.5,12.5,-40.3,AP2,False
733.5,26.0,12.5,-48.0,AP2,False
734.0,26.5,12.5,-45.2,AP2,False
734.5,27.0,12.5,-43.0,AP2,False
735.0,27.5,12.5,-47.6,AP2,False
735.5,28.0,12.5,-48.2,AP2,False
736.0,28.5,12.5,-48.8,AP2,False
736.5,29.0,12.5,-49.5,AP2,False
737.0,29.5,12.5,-47.7,AP2,False
737.5,29.5,13.0,-49.2,AP2,False
738.0,29.0,13.0,-48.2,AP2,False
738.5,28.5,13.0,-46.1,AP2,False
739.0,28.0,13.0,-45.0,AP2,False
739.5,27.5,13.0,-46.1,AP2,False
740.0,27.0,13.0,-43.2,AP2,False
740.5,26.5,13.0,-44.4,AP2,False
741.0,26.0,13.0,-37.8,AP2,False
741.5,25.5,13.0,-43.5,AP2,False
742.0,25.0,13.0,-40.1,AP2,False
742.5,24.5,13.0,-40.9,AP2,False
743.0,24.0,13.0,-41.8,AP2,False
743.5,23.5,13.0,-42.3,AP2,False
744.0,23.0,13.0,-44.6,AP2,False
744.5,22.5,13.0,-48.6,AP2,False
745.0,22.0,13.0,-48.0,AP2,False
745.5,21.5,13.0,-53.3,AP2,False
746.0,21.0,13.0,-51.6,AP2,False
746.5,20.5,13.0,-49.7,AP2,False
747.0,20.0,13.0,-49.2,AP2,False
747.5,19.5,13.0,-51.3,AP2,False
748.0,19.0,13.0,-52.7,AP2,False
748.5,18.5,13.0,-54.0,AP2,False
749.0,18.0,13.0,-57.3,AP2,False
749.5,17.5,13.0,-52.9,AP2,False
750.0,17.0,13.0,-55.1,AP2,False
750.5,16.5,13.0,-55.7,AP2,False
751.0,16.0,13.0,-58.5,AP1,True
751.5,15.5,13.0,-58.0,AP2,True
752.0,15.0,13.0,-59.7,AP2,False
752.5,14.5,13.0,-60.2,AP1,True
753.0,14.0,13.0,-54.8,AP2,True
753.5,13.5,13.0,-56.0,AP1,True
754.0,13.0,13.0,-57.1,AP1,False
754.5,12.5,13.0,-61.9,AP1,False
755.0,12.0,13.0,-57.4,AP1,False
755.5,11.5,13.0,-57.4,AP1,False
756.0,11.0,13.0,-57.4,AP1,False
756.5,10.5,13.0,-58.8,AP1,False
757.0,10.0,13.0,-57.0,AP1,False
757.5,9.5,13.0,-57.5,AP1,False
758.0,9.0,13.0,-55.6,AP1,False
758.5,8.5,13.0,-56.0,AP1,False
759.0,8.0,13.0,-57.9,AP1,False
759.5,7.5,13.0,-57.0,AP1,False
760.0,7.0,13.0,-55.0,AP1,False
760.5,6.5,13.0,-53.4,AP1,False
761.0,6.0,13.0,-56.8,AP1,False
761.5,5.5,13.0,-54.5,AP1,False
762.0,5.0,13.0,-53.6,AP1,False
762.5,4.5,13.0,-57.0,AP1,False
763.0,4.0,13.0,-53.5,AP1,False
763.5,3.5,13.0,-54.7,AP1,False
764.0,3.0,13.0,-57.2,AP1,False
764.5,2.5,13.0,-55.0,AP1,False
765.0,2.0,13.0,-54.8,AP1,False
765.5,1.5,13.0,-54.6,AP1,False
766.0,1.0,13.0,-55.3,AP1,False
766.5,0.5,13.0,-56.8,AP1,False
767.0,0.5,13.5,-60.7,AP1,False
767.5,1.0,13.5,-57.0,AP1,False
768.0,1.5,13.5,-58.9,AP1,False
768.5,2.0,13.5,-56.0,AP1,False
769.0,2.5,13.5,-56.5,AP1,False
769.5,3.0,13.5,-56.8,AP1,False
770.0,3.5,13.5,-56.5,AP1,False
770.5,4.0,13.5,-55.7,AP1,False
771.0,4.5,13.5,-54.9,AP1,False
771.5,5.0,13.5,-54.6,AP1,False
772.0,5.5,13.5,-55.7,AP1,False
772.5,6.0,13.5,-56.0,AP1,False
773.0,6.5,13.5,-55.3,AP1,False
773.5,7.0,13.5,-57.7,AP1,False
774.0,7.5,13.5,-55.4,AP1,False
774.5,8.0,13.5,-55.5,AP1,False
775.0,8.5,13.5,-56.5,AP1,False
775.5,9.0,13.5,-57.7,AP1,False
776.0,9.5,13.5,-56.9,AP1,False
776.5,10.0,13.5,-58.7,AP1,False
777.0,10.5,13.5,-56.6,AP1,False
777.5,11.0,13.5,-58.9,AP1,False
778.0,11.5,13.5,-56.8,AP1,False
778.5,12.0,13.5,-55.6,AP1,False
779.0,12.5,13.5,-58.5,AP2,True
779.5,13.0,13.5,-58.8,AP1,True
780.0,13.5,13.5,-58.7,AP1,False
780.5,14.0,13.5,-59.4,AP2,True
781.0,14.5,13.5,-57.3,AP1,True
781.5,15.0,13.5,-57.6,AP1,False
782.0,15.5,13.5,-57.1,AP2,True
782.5,16.0,13.5,-58.6,AP2,False
783.0,16.5,13.5,-55.8,AP2,False
783.5,17.0,13.5,-55.1,AP2,False
784.0,17.5,13.5,-55.5,AP2,False
784.5,18.0,13.5,-57.1,AP2,False
785.0,18.5,13.5,-53.5,AP2,False
785.5,19.0,13.5,-55.1,AP2,False
786.0,19.5,13.5,-55.2,AP2,False
786.5,20.0,13.5,-50.4,AP2,False
787.0,20.5,13.5,-48.7,AP2,False
787.5,21.0,13.5,-48.7,AP2,False
788.0,21.5,13.5,-50.3,AP2,False
788.5,22.0,13.5,-45.7,AP2,False
789.0,22.5,13.5,-47.2,AP2,False
789.5,23.0,13.5,-42.6,AP2,False
790.0,23.5,13.5,-40.7,AP2,False
790.5,24.0,13.5,-40.2,AP2,False
791.0,24.5,13.5,-39.5,AP2,False
791.5,25.0,13.5,-36.3,AP2,False
792.0,25.5,13.5,-38.6,AP2,False
792.5,26.0,13.5,-38.8,AP2,False
793.0,26.5,13.5,-40.6,AP2,False
793.5,27.0,13.5,-45.3,AP2,False
794.0,27.5,13.5,-45.3,AP2,False
794.5,28.0,13.5,-46.1,AP2,False
795.0,28.5,13.5,-50.3,AP2,False
795.5,29.0,13.5,-50.2,AP2,False
796.0,29.5,13.5,-49.7,AP2,False
796.5,29.5,14.0,-50.3,AP2,False
797.0,29.0,14.0,-48.3,AP2,False
797.5,28.5,14.0,-48.3,AP2,False
798.0,28.0,14.0,-47.1,AP2,False
798.5,27.5,14.0,-45.4,AP2,False
799.0,27.0,14.0,-41.9,AP2,False
799.5,26.5,14.0,-40.5,AP2,False
800.0,26.0,14.0,-38.2,AP2,False
800.5,25.5,14.0,-32.0,AP2,False
801.0,25.0,14.0,-31.3,AP2,False
801.5,24.5,14.0,-37.4,AP2,False
802.0,24.0,14.0,-36.4,AP2,False
802.5,23.5,14.0,-38.9,AP2,False
803.0,23.0,14.0,-41.7,AP2,False
803.5,22.5,14.0,-44.8,AP2,False
804.0,22.0,14.0,-46.5,AP2,False
804.5,21.5,14.0,-48.1,AP2,False
805.0,21.0,14.0,-49.8,AP2,False
805.5,20.5,14.0,-51.9,AP2,False
806.0,20.0,14.0,-53.4,AP2,False
806.5,19.5,14.0,-50.7,AP2,False
807.0,19.0,14.0,-53.7,AP2,False
807.5,18.5,14.0,-54.2,AP2,False
808.0,18.0,14.0,-53.9,AP2,False
808.5,17.5,14.0,-59.4,AP2,False
809.0,17.0,14.0,-54.4,AP2,False
809.5,16.5,14.0,-52.5,AP2,False
810.0,16.0,14.0,-57.9,AP2,False
810.5,15.5,14.0,-56.6,AP2,False
811.0,15.0,14.0,-57.1,AP1,True
811.5,14.5,14.0,-57.3,AP2,True
812.0,14.0,14.0,-59.8,AP2,False
812.5,13.5,14.0,-59.8,AP1,True
813.0,13.0,14.0,-57.6,AP1,False
813.5,12.5,14.0,-58.0,AP1,False
814.0,12.0,14.0,-57.0,AP1,False
814.5,11.5,14.0,-58.3,AP1,False
815.0,11.0,14.0,-59.3,AP1,False
815.5,10.5,14.0,-57.2,AP1,False
816.0,10.0,14.0,-55.9,AP1,False
816.5,9.5,14.0,-57.3,AP1,False
817.0,9.0,14.0,-57.2,AP1,False
817.5,8.5,14.0,-56.3,AP1,False
818.0,8.0,14.0,-52.1,AP1,False
818.5,7.5,14.0,-54.6,AP1,False
819.0,7.0,14.0,-56.6,AP1,False
819.5,6.5,14.0,-56.1,AP1,False
820.0,6.0,14.0,-55.5,AP1,False
820.5,5.5,14.0,-59.0,AP1,False
821.0,5.0,14.0,-57.5,AP1,False
821.5,4.5,14.0,-55.3,AP1,False
822.0,4.0,14.0,-56.5,AP1,False
822.5,3.5,14.0,-55.5,AP1,False
823.0,3.0,14.0,-55.9,AP1,False
823.5,2.5,14.0,-59.5,AP1,False
824.0,2.0,14.0,-58.5,AP1,False
824.5,1.5,14.0,-56.9,AP1,False
825.0,1.0,14.0,-57.7,AP1,False
825.5,0.5,14.0,-57.0,AP1,False
826.0,0.5,14.5,-56.3,AP1,False
826.5,1.0,14.5,-57.5,AP1,False
827.0,1.5,14.5,-57.7,AP1,False
827.5,2.0,14.5,-59.5,AP1,False
828.0,2.5,14.5,-58.2,AP1,False
828.5,3.0,14.5,-55.0,AP1,False
829.0,3.5,14.5,-54.9,AP1,False
829.5,4.0,14.5,-55.2,AP1,False
830.0,4.5,14.5,-57.4,AP1,False
830.5,5.0,14.5,-57.0,AP1,False
831.0,5.5,14.5,-54.8,AP1,False
831.5,6.0,14.5,-58.0,AP1,False
832.0,6.5,14.5,-55.4,AP1,False
832.5,7.0,14.5,-56.3,AP1,False
833.0,7.5,14.5,-56.3,AP1,False
833.5,8.0,14.5,-58.8,AP1,False
834.0,8.5,14.5,-55.9,AP1,False
834.5,9.0,14.5,-56.3,AP1,False
835.0,9.5,14.5,-58.9,AP1,False
835.5,10.0,14.5,-57.2,AP1,False
836.0,10.5,14.5,-57.7,AP1,False
836.5,11.0,14.5,-57.9,AP2,True
837.0,11.5,14.5,-61.2,AP2,False
837.5,12.0,14.5,-55.0,AP1,True
838.0,12.5,14.5,-60.1,AP2,True
838.5,13.0,14.5,-61.1,AP2,False
839.0,13.5,14.5,-56.5,AP2,False
839.5,14.0,14.5,-57.8,AP2,False
840.0,14.5,14.5,-58.2,AP2,False
840.5,15.0,14.5,-58.2,AP2,False
841.0,15.5,14.5,-58.0,AP2,False
841.5,16.0,14.5,-57.5,AP2,False
842.0,16.5,14.5,-58.1,AP2,False
842.5,17.0,14.5,-56.3,AP2,False
843.0,17.5,14.5,-52.6,AP2,False
843.5,18.0,14.5,-54.4,AP2,False
844.0,18.5,14.5,-55.4,AP2,False
844.5,19.0,14.5,-54.2,AP2,False
845.0,19.5,14.5,-53.7,AP2,False
845.5,20.0,14.5,-51.0,AP2,False
846.0,20.5,14.5,-50.4,AP2,False
846.5,21.0,14.5,-48.1,AP2,False
847.0,21.5,14.5,-44.2,AP2,False
847.5,22.0,14.5,-46.5,AP2,False
848.0,22.5,14.5,-42.9,AP2,False
848.5,23.0,14.5,-40.3,AP2,False
849.0,23.5,14.5,-34.5,AP2,False
849.5,24.0,14.5,-35.2,AP2,False
850.0,24.5,14.5,-30.1,AP2,False
850.5,25.0,14.5,-30.6,AP2,False
851.0,25.5,14.5,-32.9,AP2,False
851.5,26.0,14.5,-32.8,AP2,False
852.0,26.5,14.5,-41.4,AP2,False
852.5,27.0,14.5,-40.0,AP2,False
853.0,27.5,14.5,-42.9,AP2,False
853.5,28.0,14.5,-46.2,AP2,False
854.0,28.5,14.5,-48.1,AP2,False
854.5,29.0,14.5,-52.3,AP2,False
855.0,29.5,14.5,-51.4,AP2,False
855.5,29.5,15.0,-52.5,AP2,False
856.0,29.0,15.0,-49.5,AP2,False
856.5,28.5,15.0,-49.9,AP2,False
857.0,28.0,15.0,-46.6,AP2,False
857.5,27.5,15.0,-44.1,AP2,False
858.0,27.0,15.0,-41.5,AP2,False
858.5,26.5,15.0,-38.8,AP2,False
859.0,26.0,15.0,-30.6,AP2,False
859.5,25.5,15.0,-25.6,AP2,False
860.0,25.0,15.0,-26.4,AP2,False
860.5,24.5,15.0,-26.6,AP2,False
861.0,24.0,15.0,-36.6,AP2,False
861.5,23.5,15.0,-36.2,AP2,False
862.0,23.0,15.0,-43.9,AP2,False
862.5,22.5,15.0,-44.8,AP2,False
863.0,22.0,15.0,-45.0,AP2,False
863.5,21.5,15.0,-49.9,AP2,False
864.0,21.0,15.0,-46.4,AP2,False
864.5,20.5,15.0,-52.4,AP2,False
865.0,20.0,15.0,-50.7,AP2,False
865.5,19.5,15.0,-51.7,AP2,False
866.0,19.0,15.0,-54.4,AP2,False
866.5,18.5,15.0,-54.7,AP2,False
867.0,18.0,15.0,-53.2,AP2,False
867.5,17.5,15.0,-52.2,AP2,False
868.0,17.0,15.0,-56.7,AP2,False
868.5,16.5,15.0,-55.6,AP2,False
869.0,16.0,15.0,-58.8,AP2,False
869.5,15.5,15.0,-60.2,AP2,False
870.0,15.0,15.0,-56.1,AP2,False
870.5,14.5,15.0,-57.4,AP1,True
871.0,14.0,15.0,-57.7,AP2,True
871.5,13.5,15.0,-58.2,AP1,True
872.0,13.0,15.0,-56.2,AP2,True
872.5,12.5,15.0,-61.6,AP1,True
873.0,12.0,15.0,-59.4,AP2,True
873.5,11.5,15.0,-57.0,AP1,True
874.0,11.0,15.0,-57.5,AP1,False
874.5,10.5,15.0,-57.8,AP1,False
875.0,10.0,15.0,-58.1,AP1,False
875.5,9.5,15.0,-56.2,AP1,False
876.0,9.0,15.0,-60.3,AP1,False
876.5,8.5,15.0,-57.6,AP1,False
877.0,8.0,15.0,-55.9,AP1,False
877.5,7.5,15.0,-56.1,AP1,False
878.0,7.0,15.0,-59.7,AP1,False
878.5,6.5,15.0,-55.4,AP1,False
879.0,6.0,15.0,-55.2,AP1,False
879.5,5.5,15.0,-60.6,AP1,False
880.0,5.0,15.0,-58.4,AP1,False
880.5,4.5,15.0,-58.0,AP1,False
881.0,4.0,15.0,-59.3,AP1,False
881.5,3.5,15.0,-55.6,AP1,False
882.0,3.0,15.0,-59.9,AP1,False
882.5,2.5,15.0,-54.6,AP1,False
883.0,2.0,15.0,-58.2,AP1,False
883.5,1.5,15.0,-59.9,AP1,False
884.0,1.0,15.0,-55.8,AP1,False
884.5,0.5,15.0,-57.9,AP1,False
885.0,0.5,15.5,-58.6,AP1,False
885.5,1.0,15.5,-55.1,AP1,False
886.0,1.5,15.5,-56.7,AP1,False
886.5,2.0,15.5,-58.3,AP1,False
887.0,2.5,15.5,-59.7,AP1,False
887.5,3.0,15.5,-58.4,AP1,False
888.0,3.5,15.5,-57.5,AP1,False
888.5,4.0,15.5,-59.0,AP1,False
889.0,4.5,15.5,-55.3,AP1,False
889.5,5.0,15.5,-56.7,AP1,False
890.0,5.5,15.5,-60.3,AP1,False
890.5,6.0,15.5,-58.1,AP1,False
891.0,6.5,15.5,-57.7,AP1,False
891.5,7.0,15.5,-60.1,AP1,False
892.0,7.5,15.5,-57.4,AP1,False
892.5,8.0,15.5,-56.7,AP1,False
893.0,8.5,15.5,-57.3,AP1,False
893.5,9.0,15.5,-58.2,AP1,False
894.0,9.5,15.5,-58.5,AP1,False
894.5,10.0,15.5,-58.9,AP1,False
895.0,10.5,15.5,-54.9,AP1,False
895.5,11.0,15.5,-58.3,AP1,False
896.0,11.5,15.5,-58.1,AP1,False
896.5,12.0,15.5,-59.0,AP2,True
897.0,12.5,15.5,-58.5,AP1,True
897.5,13.0,15.5,-58.8,AP2,True
898.0,13.5,15.5,-58.7,AP1,True
898.5,14.0,15.5,-55.2,AP2,True
899.0,14.5,15.5,-57.5,AP2,False
899.5,15.0,15.5,-60.4,AP2,False
900.0,15.5,15.5,-56.5,AP2,False
900.5,16.0,15.5,-58.9,AP2,False
901.0,16.5,15.5,-57.3,AP2,False
901.5,17.0,15.5,-57.1,AP2,False
902.0,17.5,15.5,-52.0,AP2,False
902.5,18.0,15.5,-54.6,AP2,False
903.0,18.5,15.5,-54.6,AP2,False
903.5,19.0,15.5,-53.2,AP2,False
904.0,19.5,15.5,-53.9,AP2,False
904.5,20.0,15.5,-47.4,AP2,False
905.0,20.5,15.5,-48.4,AP2,False
905.5,21.0,15.5,-47.6,AP2,False
906.0,21.5,15.5,-49.9,AP2,False
906.5,22.0,15.5,-43.9,AP2,False
907.0,22.5,15.5,-42.8,AP2,False
907.5,23.0,15.5,-45.3,AP2,False
908.0,23.5,15.5,-40.8,AP2,False
908.5,24.0,15.5,-36.9,AP2,False
909.0,24.5,15.5,-31.5,AP2,False
909.5,25.0,15.5,-25.3,AP2,False
910.0,25.5,15.5,-32.0,AP2,False
910.5,26.0,15.5,-31.8,AP2,False
911.0,26.5,15.5,-39.2,AP2,False
911.5,27.0,15.5,-44.9,AP2,False
912.0,27.5,15.5,-42.5,AP2,False
912.5,28.0,15.5,-44.8,AP2,False
913.0,28.5,15.5,-47.2,AP2,False
913.5,29.0,15.5,-50.6,AP2,False
914.0,29.5,15.5,-48.4,AP2,False
914.5,29.5,16.0,-46.5,AP2,False
915.0,29.0,16.0,-52.1,AP2,False
915.5,28.5,16.0,-45.3,AP2,False
916.0,28.0,16.0,-48.1,AP2,False
916.5,27.5,16.0,-46.6,AP2,False
917.0,27.0,16.0,-45.7,AP2,False
917.5,26.5,16.0,-43.1,AP2,False
918.0,26.0,16.0,-35.5,AP2,False
918.5,25.5,16.0,-37.5,AP2,False
919.0,25.0,16.0,-33.3,AP2,False
919.5,24.5,16.0,-37.2,AP2,False
920.0,24.0,16.0,-36.4,AP2,False
920.5,23.5,16.0,-39.4,AP2,False
921.0,23.0,16.0,-46.8,AP2,False
921.5,22.5,16.0,-45.9,AP2,False
922.0,22.0,16.0,-46.7,AP2,False
922.5,21.5,16.0,-48.8,AP2,False
923.0,21.0,16.0,-48.7,AP2,False
923.5,20.5,16.0,-48.8,AP2,False
924.0,20.0,16.0,-50.3,AP2,False
924.5,19.5,16.0,-53.0,AP2,False
925.0,19.0,16.0,-52.0,AP2,False
925.5,18.5,16.0,-52.8,AP2,False
926.0,18.0,16.0,-55.6,AP2,False
926.5,17.5,16.0,-53.1,AP2,False
927.0,17.0,16.0,-52.6,AP2,False
927.5,16.5,16.0,-53.0,AP2,False
928.0,16.0,16.0,-59.0,AP2,False
928.5,15.5,16.0,-56.9,AP2,False
929.0,15.0,16.0,-57.7,AP2,False
929.5,14.5,16.0,-58.3,AP2,False
930.0,14.0,16.0,-61.1,AP2,False
930.5,13.5,16.0,-60.4,AP2,False
931.0,13.0,16.0,-60.1,AP2,False
931.5,12.5,16.0,-56.8,AP2,False
932.0,12.0,16.0,-56.8,AP1,True
932.5,11.5,16.0,-58.0,AP1,False
933.0,11.0,16.0,-58.6,AP1,False
933.5,10.5,16.0,-59.8,AP1,False
934.0,10.0,16.0,-61.0,AP1,False
934.5,9.5,16.0,-59.1,AP1,False
935.0,9.0,16.0,-59.0,AP1,False
935.5,8.5,16.0,-59.4,AP1,False
936.0,8.0,16.0,-57.4,AP1,False
936.5,7.5,16.0,-59.8,AP1,False
937.0,7.0,16.0,-57.3,AP1,False
937.5,6.5,16.0,-57.6,AP1,False
938.0,6.0,16.0,-60.1,AP1,False
938.5,5.5,16.0,-55.5,AP1,False
939.0,5.0,16.0,-54.7,AP1,False
939.5,4.5,16.0,-58.3,AP1,False
940.0,4.0,16.0,-57.0,AP1,False
940.5,3.5,16.0,-55.0,AP1,False
941.0,3.0,16.0,-58.4,AP1,False
941.5,2.5,16.0,-58.3,AP1,False
942.0,2.0,16.0,-57.2,AP1,False
942.5,1.5,16.0,-57.1,AP1,False
943.0,1.0,16.0,-57.6,AP1,False
943.5,0.5,16.0,-60.6,AP1,False
944.0,0.5,16.5,-58.5,AP1,False
944.5,1.0,16.5,-58.3,AP1,False
945.0,1.5,16.5,-57.3,AP1,False
945.5,2.0,16.5,-63.2,AP1,False
946.0,2.5,16.5,-56.3,AP1,False
946.5,3.0,16.5,-61.2,AP1,False
947.0,3.5,16.5,-57.9,AP1,False
947.5,4.0,16.5,-60.0,AP1,False
948.0,4.5,16.5,-58.1,AP1,False
948.5,5.0,16.5,-55.1,AP1,False
949.0,5.5,16.5,-59.2,AP1,False
949.5,6.0,16.5,-56.8,AP1,False
950.0,6.5,16.5,-58.6,AP1,False
950.5,7.0,16.5,-57.4,AP1,False
951.0,7.5,16.5,-58.4,AP1,False
951.5,8.0,16.5,-58.2,AP1,False
952.0,8.5,16.5,-58.9,AP1,False
952.5,9.0,16.5,-57.6,AP1,False
953.0,9.5,16.5,-59.5,AP1,False
953.5,10.0,16.5,-57.7,AP1,False
954.0,10.5,16.5,-58.1,AP1,False
954.5,11.0,16.5,-61.7,AP1,False
955.0,11.5,16.5,-60.9,AP2,True
955.5,12.0,16.5,-59.5,AP2,False
956.0,12.5,16.5,-58.8,AP1,True
956.5,13.0,16.5,-58.5,AP2,True
957.0,13.5,16.5,-58.7,AP2,False
957.5,14.0,16.5,-58.4,AP2,False
958.0,14.5,16.5,-60.7,AP2,False
958.5,15.0,16.5,-57.9,AP2,False
959.0,15.5,16.5,-58.2,AP2,False
959.5,16.0,16.5,-56.7,AP2,False
960.0,16.5,16.5,-59.0,AP2,False
960.5,17.0,16.5,-53.3,AP2,False
961.0,17.5,16.5,-57.1,AP2,False
961.5,18.0,16.5,-51.5,AP2,False
962.0,18.5,16.5,-54.2,AP2,False
962.5,19.0,16.5,-47.7,AP2,False
963.0,19.5,16.5,-50.4,AP2,False
963.5,20.0,16.5,-54.5,AP2,False
964.0,20.5,16.5,-52.4,AP2,False
964.5,21.0,16.5,-48.9,AP2,False
965.0,21.5,16.5,-48.4,AP2,False
965.5,22.0,16.5,-46.5,AP2,False
966.0,22.5,16.5,-41.0,AP2,False
966.5,23.0,16.5,-40.9,AP2,False
967.0,23.5,16.5,-42.9,AP2,False
967.5,24.0,16.5,-40.8,AP2,False
968.0,24.5,16.5,-38.5,AP2,False
968.5,25.0,16.5,-39.1,AP2,False
969.0,25.5,16.5,-39.3,AP2,False
969.5,26.0,16.5,-37.1,AP2,False
970.0,26.5,16.5,-40.0,AP2,False
970.5,27.0,16.5,-41.6,AP2,False
971.0,27.5,16.5,-47.7,AP2,False
971.5,28.0,16.5,-46.6,AP2,False
972.0,28.5,16.5,-49.1,AP2,False
972.5,29.0,16.5,-49.2,AP2,False
973.0,29.5,16.5,-52.0,AP2,False
973.5,29.5,17.0,-50.3,AP2,False
974.0,29.0,17.0,-50.0,AP2,False
974.5,28.5,17.0,-48.4,AP2,False
975.0,28.0,17.0,-47.8,AP2,False
975.5,27.5,17.0,-49.0,AP2,False
976.0,27.0,17.0,-44.6,AP2,False
976.5,26.5,17.0,-44.5,AP2,False
977.0,26.0,17.0,-42.0,AP2,False
977.5,25.5,17.0,-41.9,AP2,False
978.0,25.0,17.0,-40.6,AP2,False
978.5,24.5,17.0,-45.0,AP2,False
979.0,24.0,17.0,-43.1,AP2,False
979.5,23.5,17.0,-42.4,AP2,False
980.0,23.0,17.0,-45.9,AP2,False
980.5,22.5,17.0,-49.2,AP2,False
981.0,22.0,17.0,-47.6,AP2,False
981.5,21.5,17.0,-48.1,AP2,False
982.0,21.0,17.0,-51.9,AP2,False
982.5,20.5,17.0,-50.9,AP2,False
983.0,20.0,17.0,-50.2,AP2,False
983.5,19.5,17.0,-55.6,AP2,False
984.0,19.0,17.0,-56.4,AP2,False
984.5,18.5,17.0,-55.8,AP2,False
985.0,18.0,17.0,-55.1,AP2,False
985.5,17.5,17.0,-58.5,AP2,False
986.0,17.0,17.0,-54.4,AP2,False
986.5,16.5,17.0,-52.7,AP2,False
987.0,16.0,17.0,-56.1,AP2,False
987.5,15.5,17.0,-56.2,AP2,False
988.0,15.0,17.0,-56.9,AP2,False
988.5,14.5,17.0,-57.6,AP2,False
989.0,14.0,17.0,-58.7,AP1,True
989.5,13.5,17.0,-58.4,AP1,False
990.0,13.0,17.0,-58.0,AP1,False
990.5,12.5,17.0,-60.3,AP1,False
991.0,12.0,17.0,-59.0,AP2,True
991.5,11.5,17.0,-58.9,AP1,True
992.0,11.0,17.0,-57.3,AP1,False
992.5,10.5,17.0,-59.3,AP2,True
993.0,10.0,17.0,-59.0,AP1,True
993.5,9.5,17.0,-58.9,AP1,False
994.0,9.0,17.0,-57.0,AP1,False
994.5,8.5,17.0,-60.0,AP1,False
995.0,8.0,17.0,-60.3,AP1,False
995.5,7.5,17.0,-58.1,AP1,False
996.0,7.0,17.0,-61.0,AP1,False
996.5,6.5,17.0,-62.3,AP1,False
997.0,6.0,17.0,-61.6,AP1,False
997.5,5.5,17.0,-60.2,AP1,False
998.0,5.0,17.0,-57.9,AP1,False
998.5,4.5,17.0,-59.5,AP1,False
999.0,4.0,17.0,-57.6,AP1,False
999.5,3.5,17.0,-59.8,AP1,False
1000.0,3.0,17.0,-58.2,AP1,False
1000.5,2.5,17.0,-59.8,AP1,False
1001.0,2.0,17.0,-59.1,AP1,False
1001.5,1.5,17.0,-59.1,AP1,False
1002.0,1.0,17.0,-57.0,AP1,False
1002.5,0.5,17.0,-59.1,AP1,False
1003.0,0.5,17.5,-57.6,AP1,False
1003.5,1.0,17.5,-61.4,AP1,False
1004.0,1.5,17.5,-61.4,AP1,False
1004.5,2.0,17.5,-59.6,AP1,False
1005.0,2.5,17.5,-59.1,AP1,False
1005.5,3.0,17.5,-59.8,AP1,False
1006.0,3.5,17.5,-57.9,AP1,False
1006.5,4.0,17.5,-56.9,AP1,False
1007.0,4.5,17.5,-59.5,AP1,False
1007.5,5.0,17.5,-58.8,AP1,False
1008.0,5.5,17.5,-59.6,AP1,False
1008.5,6.0,17.5,-59.8,AP1,False
1009.0,6.5,17.5,-59.3,AP1,False
1009.5,7.0,17.5,-58.0,AP1,False
1010.0,7.5,17.5,-59.1,AP1,False
1010.5,8.0,17.5,-58.9,AP1,False
1011.0,8.5,17.5,-57.8,AP1,False
1011.5,9.0,17.5,-60.2,AP1,False
1012.0,9.5,17.5,-58.7,AP1,False
1012.5,10.0,17.5,-59.1,AP1,False
1013.0,10.5,17.5,-61.1,AP1,False
1013.5,11.0,17.5,-60.6,AP1,False
1014.0,11.5,17.5,-59.9,AP1,False
1014.5,12.0,17.5,-59.0,AP1,False
1015.0,12.5,17.5,-61.7,AP1,False
1015.5,13.0,17.5,-59.5,AP2,True
1016.0,13.5,17.5,-58.0,AP1,True
1016.5,14.0,17.5,-55.9,AP2,True
1017.0,14.5,17.5,-56.6,AP2,False
1017.5,15.0,17.5,-55.9,AP2,False
1018.0,15.5,17.5,-56.1,AP2,False
1018.5,16.0,17.5,-57.4,AP2,False
1019.0,16.5,17.5,-53.5,AP2,False
1019.5,17.0,17.5,-54.4,AP2,False
1020.0,17.5,17.5,-56.8,AP2,False
1020.5,18.0,17.5,-53.7,AP2,False
1021.0,18.5,17.5,-53.1,AP2,False
1021.5,19.0,17.5,-55.1,AP2,False
1022.0,19.5,17.5,-53.2,AP2,False
1022.5,20.0,17.5,-54.9,AP2,False
1023.0,20.5,17.5,-50.6,AP2,False
1023.5,21.0,17.5,-49.8,AP2,False
1024.0,21.5,17.5,-48.5,AP2,False
1024.5,22.0,17.5,-47.7,AP2,False
1025.0,22.5,17.5,-47.0,AP2,False
1025.5,23.0,17.5,-44.2,AP2,False
1026.0,23.5,17.5,-44.7,AP2,False
1026.5,24.0,17.5,-42.8,AP2,False
1027.0,24.5,17.5,-44.6,AP2,False
1027.5,25.0,17.5,-43.0,AP2,False
1028.0,25.5,17.5,-46.1,AP2,False
1028.5,26.0,17.5,-47.7,AP2,False
1029.0,26.5,17.5,-45.8,AP2,False
1029.5,27.0,17.5,-46.9,AP2,False
1030.0,27.5,17.5,-46.1,AP2,False
1030.5,28.0,17.5,-49.1,AP2,False
1031.0,28.5,17.5,-48.5,AP2,False
1031.5,29.0,17.5,-51.1,AP2,False
1032.0,29.5,17.5,-51.8,AP2,False
1032.5,29.5,18.0,-51.1,AP2,False
1033.0,29.0,18.0,-48.2,AP2,False
1033.5,28.5,18.0,-49.2,AP2,False
1034.0,28.0,18.0,-49.3,AP2,False
1034.5,27.5,18.0,-48.0,AP2,False
1035.0,27.0,18.0,-49.1,AP2,False
1035.5,26.5,18.0,-46.3,AP2,False
1036.0,26.0,18.0,-48.2,AP2,False
1036.5,25.5,18.0,-43.5,AP2,False
1037.0,25.0,18.0,-47.1,AP2,False
1037.5,24.5,18.0,-43.0,AP2,False
1038.0,24.0,18.0,-47.0,AP2,False
1038.5,23.5,18.0,-48.0,AP2,False
1039.0,23.0,18.0,-48.0,AP2,False
1039.5,22.5,18.0,-45.8,AP2,False
1040.0,22.0,18.0,-49.5,AP2,False
1040.5,21.5,18.0,-49.5,AP2,False
1041.0,21.0,18.0,-50.4,AP2,False
1041.5,20.5,18.0,-48.8,AP2,False
1042.0,20.0,18.0,-54.5,AP2,False
1042.5,19.5,18.0,-51.6,AP2,False
1043.0,19.0,18.0,-53.5,AP2,False
1043.5,18.5,18.0,-52.5,AP2,False
1044.0,18.0,18.0,-55.5,AP2,False
1044.5,17.5,18.0,-55.5,AP2,False
1045.0,17.0,18.0,-57.2,AP2,False
1045.5,16.5,18.0,-58.0,AP2,False
1046.0,16.0,18.0,-57.5,AP2,False
1046.5,15.5,18.0,-53.4,AP2,False
1047.0,15.0,18.0,-56.8,AP2,False
1047.5,14.5,18.0,-56.7,AP2,False
1048.0,14.0,18.0,-59.1,AP2,False
1048.5,13.5,18.0,-56.9,AP2,False
1049.0,13.0,18.0,-59.0,AP1,True
1049.5,12.5,18.0,-58.6,AP2,True
1050.0,12.0,18.0,-62.1,AP2,False
1050.5,11.5,18.0,-59.9,AP1,True
1051.0,11.0,18.0,-57.7,AP1,False
1051.5,10.5,18.0,-59.8,AP1,False
1052.0,10.0,18.0,-62.1,AP1,False
1052.5,9.5,18.0,-59.7,AP1,False
1053.0,9.0,18.0,-59.8,AP1,False
1053.5,8.5,18.0,-61.3,AP1,False
1054.0,8.0,18.0,-61.6,AP2,True
1054.5,7.5,18.0,-61.2,AP1,True
1055.0,7.0,18.0,-58.5,AP1,False
1055.5,6.5,18.0,-58.1,AP1,False
1056.0,6.0,18.0,-56.4,AP1,False
1056.5,5.5,18.0,-59.3,AP1,False
1057.0,5.0,18.0,-59.8,AP1,False
1057.5,4.5,18.0,-56.5,AP1,False
1058.0,4.0,18.0,-61.1,AP1,False
1058.5,3.5,18.0,-58.0,AP1,False
1059.0,3.0,18.0,-60.6,AP1,False
1059.5,2.5,18.0,-58.8,AP1,False
1060.0,2.0,18.0,-60.8,AP1,False
1060.5,1.5,18.0,-58.8,AP1,False
1061.0,1.0,18.0,-59.0,AP1,False
1061.5,0.5,18.0,-57.2,AP1,False
1062.0,0.5,18.5,-61.2,AP1,False
1062.5,1.0,18.5,-60.7,AP1,False
1063.0,1.5,18.5,-60.1,AP1,False
1063.5,2.0,18.5,-62.3,AP1,False
1064.0,2.5,18.5,-57.8,AP1,False
1064.5,3.0,18.5,-61.2,AP1,False
1065.0,3.5,18.5,-61.2,AP1,False
1065.5,4.0,18.5,-58.2,AP1,False
1066.0,4.5,18.5,-60.9,AP1,False
1066.5,5.0,18.5,-60.4,AP1,False
1067.0,5.5,18.5,-57.3,AP1,False
1067.5,6.0,18.5,-59.7,AP1,False
1068.0,6.5,18.5,-58.9,AP1,False
1068.5,7.0,18.5,-61.8,AP2,True
1069.0,7.5,18.5,-59.1,AP1,True
1069.5,8.0,18.5,-60.2,AP1,False
1070.0,8.5,18.5,-61.5,AP1,False
1070.5,9.0,18.5,-59.5,AP1,False
1071.0,9.5,18.5,-60.1,AP1,False
1071.5,10.0,18.5,-59.7,AP1,False
1072.0,10.5,18.5,-61.1,AP2,True
1072.5,11.0,18.5,-59.0,AP1,True
1073.0,11.5,18.5,-59.0,AP1,False
1073.5,12.0,18.5,-58.9,AP2,True
1074.0,12.5,18.5,-60.3,AP2,False
1074.5,13.0,18.5,-60.3,AP2,False
1075.0,13.5,18.5,-60.9,AP2,False
1075.5,14.0,18.5,-56.1,AP2,False
1076.0,14.5,18.5,-61.5,AP1,True
1076.5,15.0,18.5,-60.6,AP2,True
1077.0,15.5,18.5,-62.6,AP2,False
1077.5,16.0,18.5,-54.7,AP2,False
1078.0,16.5,18.5,-55.8,AP2,False
1078.5,17.0,18.5,-58.8,AP2,False
1079.0,17.5,18.5,-59.0,AP2,False
1079.5,18.0,18.5,-56.1,AP2,False
1080.0,18.5,18.5,-54.6,AP2,False
1080.5,19.0,18.5,-55.6,AP2,False
1081.0,19.5,18.5,-53.5,AP2,False
1081.5,20.0,18.5,-50.4,AP2,False
1082.0,20.5,18.5,-52.1,AP2,False
1082.5,21.0,18.5,-48.6,AP2,False
1083.0,21.5,18.5,-50.7,AP2,False
1083.5,22.0,18.5,-47.2,AP2,False
1084.0,22.5,18.5,-49.4,AP2,False
1084.5,23.0,18.5,-46.6,AP2,False
1085.0,23.5,18.5,-46.2,AP2,False
1085.5,24.0,18.5,-47.3,AP2,False
1086.0,24.5,18.5,-46.9,AP2,False
1086.5,25.0,18.5,-46.4,AP2,False
1087.0,25.5,18.5,-49.1,AP2,False
1087.5,26.0,18.5,-44.3,AP2,False
1088.0,26.5,18.5,-49.6,AP2,False
1088.5,27.0,18.5,-48.5,AP2,False
1089.0,27.5,18.5,-50.2,AP2,False
1089.5,28.0,18.5,-49.6,AP2,False
1090.0,28.5,18.5,-52.3,AP2,False
1090.5,29.0,18.5,-52.7,AP2,False
1091.0,29.5,18.5,-55.2,AP2,False
1091.5,29.5,19.0,-51.4,AP2,False
1092.0,29.0,19.0,-49.4,AP2,False
1092.5,28.5,19.0,-54.4,AP2,False
1093.0,28.0,19.0,-50.0,AP2,False
1093.5,27.5,19.0,-52.2,AP2,False
1094.0,27.0,19.0,-48.7,AP2,False
1094.5,26.5,19.0,-49.6,AP2,False
1095.0,26.0,19.0,-49.8,AP2,False
1095.5,25.5,19.0,-46.6,AP2,False
1096.0,25.0,19.0,-49.0,AP2,False
1096.5,24.5,19.0,-48.0,AP2,False
1097.0,24.0,19.0,-47.3,AP2,False
1097.5,23.5,19.0,-51.3,AP2,False
1098.0,23.0,19.0,-52.2,AP2,False
1098.5,22.5,19.0,-48.7,AP2,False
1099.0,22.0,19.0,-52.0,AP2,False
1099.5,21.5,19.0,-50.3,AP2,False
1100.0,21.0,19.0,-55.4,AP2,False
1100.5,20.5,19.0,-57.2,AP2,False
1101.0,20.0,19.0,-54.8,AP2,False
1101.5,19.5,19.0,-51.3,AP2,False
1102.0,19.0,19.0,-53.7,AP2,False
1102.5,18.5,19.0,-54.9,AP2,False
1103.0,18.0,19.0,-55.8,AP2,False
1103.5,17.5,19.0,-57.8,AP2,False
1104.0,17.0,19.0,-56.6,AP2,False
1104.5,16.5,19.0,-55.9,AP2,False
1105.0,16.0,19.0,-58.1,AP2,False
1105.5,15.5,19.0,-60.5,AP2,False
1106.0,15.0,19.0,-59.6,AP2,False
1106.5,14.5,19.0,-58.5,AP2,False
1107.0,14.0,19.0,-59.5,AP2,False
1107.5,13.5,19.0,-61.2,AP2,False
1108.0,13.0,19.0,-58.6,AP2,False
1108.5,12.5,19.0,-62.0,AP1,True
1109.0,12.0,19.0,-59.8,AP2,True
1109.5,11.5,19.0,-58.0,AP1,True
1110.0,11.0,19.0,-61.5,AP1,False
1110.5,10.5,19.0,-61.6,AP2,True
1111.0,10.0,19.0,-60.9,AP1,True
1111.5,9.5,19.0,-57.4,AP1,False
1112.0,9.0,19.0,-59.4,AP1,False
1112.5,8.5,19.0,-61.4,AP1,False
1113.0,8.0,19.0,-58.2,AP1,False
1113.5,7.5,19.0,-60.2,AP1,False
1114.0,7.0,19.0,-59.0,AP1,False
1114.5,6.5,19.0,-57.1,AP1,False
1115.0,6.0,19.0,-59.1,AP1,False
1115.5,5.5,19.0,-60.1,AP1,False
1116.0,5.0,19.0,-59.8,AP1,False
1116.5,4.5,19.0,-59.3,AP1,False
1117.0,4.0,19.0,-59.8,AP1,False
1117.5,3.5,19.0,-59.1,AP1,False
1118.0,3.0,19.0,-61.5,AP1,False
1118.5,2.5,19.0,-59.6,AP1,False
1119.0,2.0,19.0,-59.7,AP1,False
1119.5,1.5,19.0,-60.7,AP1,False
1120.0,1.0,19.0,-58.1,AP1,False
1120.5,0.5,19.0,-64.4,AP1,False
1121.0,0.5,19.5,-62.0,AP1,False
1121.5,1.0,19.5,-63.2,AP1,False
1122.0,1.5,19.5,-60.9,AP1,False
1122.5,2.0,19.5,-59.4,AP1,False
1123.0,2.5,19.5,-58.5,AP1,False
1123.5,3.0,19.5,-61.2,AP1,False
1124.0,3.5,19.5,-60.7,AP1,False
1124.5,4.0,19.5,-59.7,AP1,False
1125.0,4.5,19.5,-59.7,AP1,False
1125.5,5.0,19.5,-59.4,AP1,False
1126.0,5.5,19.5,-61.1,AP1,False
1126.5,6.0,19.5,-63.0,AP1,False
1127.0,6.5,19.5,-59.3,AP1,False
1127.5,7.0,19.5,-58.1,AP1,False
1128.0,7.5,19.5,-63.2,AP1,False
1128.5,8.0,19.5,-59.5,AP1,False
1129.0,8.5,19.5,-59.2,AP1,False
1129.5,9.0,19.5,-61.0,AP1,False
1130.0,9.5,19.5,-61.8,AP2,True
1130.5,10.0,19.5,-61.6,AP1,True
1131.0,10.5,19.5,-58.4,AP2,True
1131.5,11.0,19.5,-60.7,AP2,False
1132.0,11.5,19.5,-59.5,AP1,True
1132.5,12.0,19.5,-57.3,AP2,True
1133.0,12.5,19.5,-60.2,AP1,True
1133.5,13.0,19.5,-62.2,AP1,False
1134.0,13.5,19.5,-61.5,AP2,True
1134.5,14.0,19.5,-61.3,AP2,False
1135.0,14.5,19.5,-60.2,AP2,False
1135.5,15.0,19.5,-59.4,AP2,False
1136.0,15.5,19.5,-60.0,AP2,False
1136.5,16.0,19.5,-61.0,AP2,False
1137.0,16.5,19.5,-58.3,AP2,False
1137.5,17.0,19.5,-58.2,AP2,False
1138.0,17.5,19.5,-58.9,AP2,False
1138.5,18.0,19.5,-55.0,AP2,False
1139.0,18.5,19.5,-56.1,AP2,False
1139.5,19.0,19.5,-52.3,AP2,False
1140.0,19.5,19.5,-58.0,AP2,False
1140.5,20.0,19.5,-52.3,AP2,False
1141.0,20.5,19.5,-52.5,AP2,False
1141.5,21.0,19.5,-52.3,AP2,False
1142.0,21.5,19.5,-53.4,AP2,False
1142.5,22.0,19.5,-51.3,AP2,False
1143.0,22.5,19.5,-52.3,AP2,False
1143.5,23.0,19.5,-50.2,AP2,False
1144.0,23.5,19.5,-54.5,AP2,False
1144.5,24.0,19.5,-47.6,AP2,False
1145.0,24.5,19.5,-51.0,AP2,False
1145.5,25.0,19.5,-51.4,AP2,False
1146.0,25.5,19.5,-46.3,AP2,False
1146.5,26.0,19.5,-50.3,AP2,False
1147.0,26.5,19.5,-52.0,AP2,False
1147.5,27.0,19.5,-50.9,AP2,False
1148.0,27.5,19.5,-49.2,AP2,False
1148.5,28.0,19.5,-52.7,AP2,False
1149.0,28.5,19.5,-50.8,AP2,False
1149.5,29.0,19.5,-53.4,AP2,False
1150.0,29.5,19.5,-50.5,AP2,False
